ticker,date,period_ending,estimate,reported,surprise,surprise%
GOOGL,26-JUL-22,Jun 2022,1.27,1.21,-0.06,-4.72
GOOG,26-JUL-22,Jun 2022,1.27,1.21,-0.06,-4.72
DIS,10-AUG-22,Jun 2022,0.94,1.09,0.15,15.96
VZ,22-JUL-22,Jun 2022,1.34,1.31,-0.03,-2.24
CMCSA,28-JUL-22,Jun 2022,0.91,1.01,0.1,10.99
T,21-JUL-22,Jun 2022,0.6,0.65,0.05,8.33
NFLX,19-JUL-22,Jun 2022,2.9,3.2,0.3,10.34
TMUS,27-JUL-22,Jun 2022,0.41,1.43,1.02,248.78
ATVI,01-AUG-22,Jun 2022,0.46,0.49,0.03,6.52
CHTR,29-JUL-22,Jun 2022,6.92,8.8,1.88,27.17
EA,02-AUG-22,Jun 2022,0.29,0.32,0.03,10.34
TTD,09-AUG-22,Jun 2022,0.21,0.2,-0.01,-4.76
TTWO,08-AUG-22,Jun 2022,0.84,0.61,-0.23,-27.38
OMC,19-JUL-22,Jun 2022,1.56,1.68,0.12,7.69
RBLX,09-AUG-22,Jun 2022,-0.23,-0.3,-0.07,-30.43
MTCH,02-AUG-22,Jun 2022,0.69,0.89,0.2,28.99
PINS,01-AUG-22,Jun 2022,0.17,0.11,-0.06,-35.29
IPG,21-JUL-22,Jun 2022,0.58,0.63,0.05,8.62
FWONK,05-AUG-22,Jun 2022,0.15,0.35,0.2,133.33
LYV,04-AUG-22,Jun 2022,0.53,0.66,0.13,24.53
SPOT,27-JUL-22,Jun 2022,-0.68,-0.91,-0.23,-33.82
LBRDK,05-AUG-22,Jun 2022,1.78,2.87,1.09,61.24
FOXA,10-AUG-22,Jun 2022,0.78,0.74,-0.04,-5.13
ZI,01-AUG-22,Jun 2022,0.18,0.21,0.03,16.67
LSXMK,05-AUG-22,Jun 2022,0.86,1.24,0.38,44.19
NWSA,08-AUG-22,Jun 2022,0.11,0.37,0.26,236.36
ROKU,28-JUL-22,Jun 2022,-0.78,-0.82,-0.04,-5.13
NXST,04-AUG-22,Jun 2022,5.19,5.56,0.37,7.13
NYT,03-AUG-22,Jun 2022,0.2,0.24,0.04,20.0
SIRI,28-JUL-22,Jun 2022,0.08,0.07,-0.01,-12.5
TGNA,08-AUG-22,Jun 2022,0.56,0.6,0.04,7.14
DISH,03-AUG-22,Jun 2022,0.66,0.82,0.16,24.24
CABO,04-AUG-22,Jun 2022,13.41,12.13,-1.28,-9.55
IAC,09-AUG-22,Jun 2022,-0.34,-1.71,-1.37,-402.94
WWE,16-AUG-22,Jun 2022,0.56,0.59,0.03,5.36
AMC,04-AUG-22,Jun 2022,-0.27,-0.24,0.03,11.11
MSGS,18-AUG-22,Jun 2022,-0.32,1.11,1.43,446.88
CCOI,04-AUG-22,Jun 2022,0.22,0.24,0.02,9.09
TRIP,04-AUG-22,Jun 2022,0.27,0.37,0.1,37.04
YELP,04-AUG-22,Jun 2022,-0.02,0.11,0.13,650.0
BMBL,10-AUG-22,Jun 2022,-0.01,-0.01,0.0,0.0
ZIP,15-AUG-22,Jun 2022,0.06,0.11,0.05,83.33
CARG,08-AUG-22,Jun 2022,0.29,0.32,0.03,10.34
CNK,05-AUG-22,Jun 2022,0.13,0.17,0.04,30.77
GSAT,04-AUG-22,Jun 2022,-0.01,-0.01,0.0,0.0
TTGT,04-AUG-22,Jun 2022,0.63,0.68,0.05,7.94
TDS,04-AUG-22,Jun 2022,0.04,0.15,0.11,275.0
SSTK,26-JUL-22,Jun 2022,0.95,0.83,-0.12,-12.63
MSGE,19-AUG-22,Jun 2022,-0.43,-1.97,-1.54,-358.14
ATUS,03-AUG-22,Jun 2022,0.33,0.35,0.02,6.06
CARS,03-AUG-22,Jun 2022,0.05,0.08,0.03,60.0
BATRK,05-AUG-22,Jun 2022,1.22,0.47,-0.75,-61.48
PLTK,04-AUG-22,Jun 2022,0.18,0.09,-0.09,-50.0
ATEX,08-AUG-22,Jun 2022,-0.67,-0.71,-0.04,-5.97
GTN,05-AUG-22,Jun 2022,0.97,0.91,-0.06,-6.19
IHRT,04-AUG-22,Jun 2022,0.08,0.1,0.02,25.0
IMAX,28-JUL-22,Jun 2022,0.1,0.07,-0.03,-30.0
PUBM,08-AUG-22,Jun 2022,0.07,0.23,0.16,228.57
SSP,05-AUG-22,Jun 2022,0.3,0.32,0.02,6.67
SATS,04-AUG-22,Jun 2022,0.32,0.37,0.05,15.63
WOW,05-AUG-22,Jun 2022,0.07,0.05,-0.02,-28.57
QNST,03-AUG-22,Jun 2022,0.04,0.04,0.0,0.0
GOGO,05-AUG-22,Jun 2022,0.15,0.17,0.02,13.33
BAND,03-AUG-22,Jun 2022,-0.07,-0.04,0.03,42.86
ATNI,27-JUL-22,Jun 2022,-0.02,-0.11,-0.09,-450.0
AMCX,05-AUG-22,Jun 2022,1.98,2.06,0.08,4.04
SKLZ,03-AUG-22,Jun 2022,-0.16,-0.15,0.01,6.25
FUBO,04-AUG-22,Jun 2022,-0.69,-0.63,0.06,8.7
EB,28-JUL-22,Jun 2022,-0.13,-0.2,-0.07,-53.85
THRY,04-AUG-22,Jun 2022,0.89,1.61,0.72,80.9
EVC,03-AUG-22,Jun 2022,0.12,0.11,-0.01,-8.33
OB,11-AUG-22,Jun 2022,-0.05,-0.19,-0.14,-280.0
CCO,09-AUG-22,Jun 2022,-0.06,-0.04,0.02,33.33
MCS,03-AUG-22,Jun 2022,0.08,0.24,0.16,200.0
AMZN,28-JUL-22,Jun 2022,0.15,0.1,-0.05,-33.33
TSLA,20-JUL-22,Jun 2022,0.61,0.76,0.15,24.59
HD,16-AUG-22,Jul 2022,4.95,5.05,0.1,2.02
MCD,26-JUL-22,Jun 2022,2.45,2.55,0.1,4.08
LOW,17-AUG-22,Jul 2022,4.63,4.67,0.04,0.86
NKE,27-JUN-22,May 2022,0.81,0.9,0.09,11.11
SBUX,02-AUG-22,Jun 2022,0.77,0.84,0.07,9.09
TJX,17-AUG-22,Jul 2022,0.67,0.69,0.02,2.99
BKNG,03-AUG-22,Jun 2022,17.64,19.08,1.44,8.16
TGT,17-AUG-22,Jul 2022,0.71,0.39,-0.32,-45.07
DG,25-AUG-22,Jul 2022,2.93,2.98,0.05,1.71
GM,26-JUL-22,Jun 2022,1.39,1.14,-0.25,-17.99
F,27-JUL-22,Jun 2022,0.43,0.68,0.25,58.14
ORLY,27-JUL-22,Jun 2022,8.98,8.78,-0.2,-2.23
MAR,02-AUG-22,Jun 2022,1.59,1.8,0.21,13.21
CMG,26-JUL-22,Jun 2022,9.03,9.3,0.27,2.99
ABNB,02-AUG-22,Jun 2022,0.41,0.56,0.15,36.59
LULU,01-SEP-22,Jul 2022,1.86,2.2,0.34,18.28
HLT,27-JUL-22,Jun 2022,1.05,1.29,0.24,22.86
YUM,03-AUG-22,Jun 2022,1.08,1.05,-0.03,-2.78
DLTR,25-AUG-22,Jul 2022,1.58,1.6,0.02,1.27
ROST,18-AUG-22,Jul 2022,0.98,1.11,0.13,13.27
APTV,04-AUG-22,Jun 2022,0.62,0.22,-0.4,-64.52
DHI,21-JUL-22,Jun 2022,4.51,4.67,0.16,3.55
GPC,27-JUL-22,Jun 2022,2.02,2.2,0.18,8.91
EBAY,03-AUG-22,Jun 2022,0.9,0.99,0.09,10.0
TSCO,21-JUL-22,Jun 2022,3.53,3.53,0.0,0.0
LEN,21-JUN-22,May 2022,3.95,4.69,0.74,18.73
ULTA,25-AUG-22,Jul 2022,4.96,5.7,0.74,14.92
DRI,23-JUN-22,May 2022,2.21,2.24,0.03,1.36
DASH,04-AUG-22,Jun 2022,-0.39,-0.72,-0.33,-84.62
EXPE,04-AUG-22,Jun 2022,1.57,1.96,0.39,24.84
BBY,30-AUG-22,Jul 2022,1.26,1.54,0.28,22.22
LKQ,28-JUL-22,Jun 2022,1.02,1.09,0.07,6.86
GRMN,27-JUL-22,Jun 2022,1.42,1.44,0.02,1.41
ETSY,27-JUL-22,Jun 2022,0.35,0.51,0.16,45.71
NVR,26-JUL-22,Jun 2022,137.54,123.65,-13.89,-10.1
LVS,20-JUL-22,Jun 2022,-0.25,-0.34,-0.09,-36.0
POOL,21-JUL-22,Jun 2022,7.4,7.59,0.19,2.57
DPZ,21-JUL-22,Jun 2022,2.88,2.82,-0.06,-2.08
RCL,28-JUL-22,Jun 2022,-2.23,-2.08,0.15,6.73
AAP,23-AUG-22,Jun 2022,3.74,3.74,0.0,0.0
MGM,03-AUG-22,Jun 2022,0.24,0.03,-0.21,-87.5
KMX,24-JUN-22,May 2022,1.51,1.56,0.05,3.31
SCI,02-AUG-22,Jun 2022,0.82,0.84,0.02,2.44
VFC,28-JUL-22,Jun 2022,0.13,0.09,-0.04,-30.77
PHM,26-JUL-22,Jun 2022,2.58,2.73,0.15,5.81
CZR,02-AUG-22,Jun 2022,0.25,0.16,-0.09,-36.0
BURL,25-AUG-22,Jul 2022,0.23,0.35,0.12,52.17
BWA,03-AUG-22,Jun 2022,0.86,1.05,0.19,22.09
CCL,24-JUN-22,May 2022,-1.14,-1.64,-0.5,-43.86
MTN,28-SEP-22,Jul 2022,-2.91,-2.7,0.21,7.22
WSM,24-AUG-22,Jul 2022,3.54,3.87,0.33,9.32
ARMK,09-AUG-22,Jun 2022,0.23,0.25,0.02,8.7
DECK,28-JUL-22,Jun 2022,1.33,1.66,0.33,24.81
LEA,02-AUG-22,Jun 2022,1.34,1.79,0.45,33.58
FIVE,31-AUG-22,Jul 2022,0.77,0.74,-0.03,-3.9
TPR,18-AUG-22,Jun 2022,0.78,0.78,0.0,0.0
WHR,25-JUL-22,Jun 2022,5.23,5.97,0.74,14.15
CHDN,27-JUL-22,Jun 2022,3.83,3.9,0.07,1.83
FND,04-AUG-22,Jun 2022,0.73,0.76,0.03,4.11
HAS,19-JUL-22,Jun 2022,0.88,1.15,0.27,30.68
WYNN,09-AUG-22,Jun 2022,-0.94,-0.82,0.12,12.77
NCLH,09-AUG-22,Jun 2022,-0.82,-1.14,-0.32,-39.02
WH,26-JUL-22,Jun 2022,0.98,1.07,0.09,9.18
GNTX,22-JUL-22,Jun 2022,0.38,0.31,-0.07,-18.42
GME,07-SEP-22,Jul 2022,-0.38,-0.35,0.03,7.89
CPRI,09-AUG-22,Jun 2022,1.34,1.5,0.16,11.94
TXRH,28-JUL-22,Jun 2022,1.01,1.07,0.06,5.94
LAD,20-JUL-22,Jun 2022,12.22,12.18,-0.04,-0.33
HRB,09-AUG-22,Jun 2022,1.26,1.43,0.17,13.49
HOG,28-JUL-22,Jun 2022,1.21,1.46,0.25,20.66
MUSA,27-JUL-22,Jun 2022,5.35,7.53,2.18,40.75
DKS,23-AUG-22,Jul 2022,3.53,3.68,0.15,4.25
PLNT,09-AUG-22,Jun 2022,0.38,0.38,0.0,0.0
PII,26-JUL-22,Jun 2022,2.09,2.42,0.33,15.79
RH,08-SEP-22,Jul 2022,6.81,8.08,1.27,18.65
MAT,21-JUL-22,Jun 2022,0.05,0.18,0.13,260.0
BC,28-JUL-22,Jun 2022,2.71,2.82,0.11,4.06
PENN,04-AUG-22,Jun 2022,0.51,0.15,-0.36,-70.59
M,23-AUG-22,Jul 2022,0.85,1.0,0.15,17.65
CROX,04-AUG-22,Jun 2022,2.72,3.24,0.52,19.12
MHK,28-JUL-22,Jun 2022,4.35,4.41,0.06,1.38
VAC,08-AUG-22,Jun 2022,2.28,2.87,0.59,25.88
TPX,27-JUL-22,Jun 2022,0.57,0.58,0.01,1.75
BLD,02-AUG-22,Jun 2022,3.77,4.43,0.66,17.51
TOL,23-AUG-22,Jul 2022,2.3,2.35,0.05,2.17
NWL,29-JUL-22,Jun 2022,0.47,0.57,0.1,21.28
SKX,26-JUL-22,Jun 2022,0.54,0.58,0.04,7.41
LEG,01-AUG-22,Jun 2022,0.7,0.7,0.0,0.0
H,09-AUG-22,Jun 2022,-0.01,0.46,0.47,4700.0
WING,28-JUL-22,Jun 2022,0.35,0.45,0.1,28.57
BYD,26-JUL-22,Jun 2022,1.38,1.48,0.1,7.25
THO,28-SEP-22,Jul 2022,4.13,5.15,1.02,24.7
BFAM,02-AUG-22,Jun 2022,0.68,0.71,0.03,4.41
DKNG,05-AUG-22,Jun 2022,-0.87,-0.5,0.37,42.53
AN,21-JUL-22,Jun 2022,5.96,6.48,0.52,8.72
CHH,04-AUG-22,Jun 2022,1.47,1.43,-0.04,-2.72
FOXF,04-AUG-22,Jun 2022,1.22,1.38,0.16,13.11
PVH,30-AUG-22,Jul 2022,2.01,2.08,0.07,3.48
RL,09-AUG-22,Jun 2022,1.72,1.88,0.16,9.3
ABG,28-JUL-22,Jun 2022,8.88,10.04,1.16,13.06
HGV,09-AUG-22,Jun 2022,0.81,0.6,-0.21,-25.93
WEN,10-AUG-22,Jun 2022,0.22,0.24,0.02,9.09
VC,28-JUL-22,Jun 2022,0.54,1.34,0.8,148.15
KSS,18-AUG-22,Jul 2022,1.08,1.11,0.03,2.78
ADNT,05-AUG-22,Jun 2022,-0.02,0.08,0.1,500.0
YETI,04-AUG-22,Jun 2022,0.68,0.63,-0.05,-7.35
ASO,07-SEP-22,Jul 2022,2.07,2.3,0.23,11.11
OLLI,01-SEP-22,Jul 2022,0.33,0.22,-0.11,-33.33
CHGG,04-AUG-22,Jun 2022,0.33,0.37,0.04,12.12
PAG,27-JUL-22,Jun 2022,4.35,4.93,0.58,13.33
LOPE,04-AUG-22,Jun 2022,0.84,0.85,0.01,1.19
TNL,28-JUL-22,Jun 2022,1.2,1.27,0.07,5.83
SIG,01-SEP-22,Jul 2022,2.54,2.68,0.14,5.51
EYE,11-AUG-22,Jun 2022,0.08,0.21,0.13,162.5
TMHC,27-JUL-22,Jun 2022,1.82,2.27,0.45,24.73
GPI,27-JUL-22,Jun 2022,10.56,12.0,1.44,13.64
GT,05-AUG-22,Jun 2022,0.43,0.46,0.03,6.98
PTON,25-AUG-22,Jun 2022,-0.71,-1.32,-0.61,-85.92
COLM,27-JUL-22,Jun 2022,0.04,0.11,0.07,175.0
SKY,02-AUG-22,Jun 2022,1.58,2.04,0.46,29.11
MTH,27-JUL-22,Jun 2022,5.81,6.77,0.96,16.52
W,04-AUG-22,Jun 2022,-1.89,-1.94,-0.05,-2.65
PZZA,04-AUG-22,Jun 2022,0.73,0.74,0.01,1.37
LCII,02-AUG-22,Jun 2022,5.17,6.06,0.89,17.21
SHOO,27-JUL-22,Jun 2022,0.59,0.63,0.04,6.78
CRI,29-JUL-22,Jun 2022,1.63,1.3,-0.33,-20.25
CBRL,27-SEP-22,Jul 2022,1.38,1.57,0.19,13.77
FL,19-AUG-22,Jul 2022,0.75,1.1,0.35,46.67
SEAS,04-AUG-22,Jun 2022,1.59,1.62,0.03,1.89
LESL,05-AUG-22,Jun 2022,0.74,0.68,-0.06,-8.11
HBI,11-AUG-22,Jun 2022,0.33,0.28,-0.05,-15.15
RRR,09-AUG-22,Jun 2022,0.52,1.27,0.75,144.23
ADT,04-AUG-22,Jun 2022,0.05,0.06,0.01,20.0
KBH,22-JUN-22,May 2022,1.97,2.32,0.35,17.77
DORM,25-JUL-22,Jun 2022,1.29,1.29,0.0,0.0
GPS,25-AUG-22,Jul 2022,-0.04,0.08,0.12,300.0
HELE,07-JUL-22,May 2022,1.94,2.41,0.47,24.23
DAN,03-AUG-22,Jun 2022,0.21,0.08,-0.13,-61.9
THRM,02-AUG-22,Jun 2022,0.41,0.25,-0.16,-39.02
JWN,23-AUG-22,Jul 2022,0.8,0.81,0.01,1.25
IGT,02-AUG-22,Jun 2022,0.31,0.57,0.26,83.87
BLMN,29-JUL-22,Jun 2022,0.63,0.68,0.05,7.94
LGIH,02-AUG-22,Jun 2022,4.47,5.2,0.73,16.33
CVCO,04-AUG-22,Jun 2022,3.95,6.63,2.68,67.85
FTDR,04-AUG-22,Jun 2022,0.57,0.53,-0.04,-7.02
TPH,21-JUL-22,Jun 2022,1.12,1.33,0.21,18.75
ATGE,11-AUG-22,Jun 2022,1.28,1.31,0.03,2.34
KTB,04-AUG-22,Jun 2022,1.04,1.09,0.05,4.81
IBP,04-AUG-22,Jun 2022,1.96,2.48,0.52,26.53
LAZR,08-AUG-22,Jun 2022,-0.17,-0.18,-0.01,-5.88
PLAY,07-SEP-22,Jul 2022,1.01,0.61,-0.4,-39.6
BOOT,27-JUL-22,Jun 2022,1.15,1.26,0.11,9.57
WGO,22-JUN-22,May 2022,3.01,4.13,1.12,37.21
MDC,28-JUL-22,Jun 2022,2.43,2.59,0.16,6.58
OXM,01-SEP-22,Jul 2022,3.45,3.61,0.16,4.64
JACK,10-AUG-22,Jun 2022,1.43,1.38,-0.05,-3.5
COUR,27-JUL-22,Jun 2022,-0.14,-0.15,-0.01,-7.14
STRA,27-JUL-22,Jun 2022,0.88,0.85,-0.03,-3.41
URBN,23-AUG-22,Jul 2022,0.67,0.64,-0.03,-4.48
SIX,11-AUG-22,Jun 2022,0.98,0.69,-0.29,-29.59
QS,27-JUL-22,Jun 2022,-0.22,-0.22,0.0,0.0
AEO,07-SEP-22,Jul 2022,0.13,0.04,-0.09,-69.23
UAA,03-AUG-22,Jun 2022,0.03,0.03,0.0,0.0
XPEL,09-AUG-22,Jun 2022,0.33,0.43,0.1,30.3
TEN,04-AUG-22,Jun 2022,0.52,-0.82,-1.34,-257.69
GOLF,04-AUG-22,Jun 2022,0.72,0.91,0.19,26.39
CAKE,27-JUL-22,Jun 2022,0.78,0.52,-0.26,-33.33
EVRI,03-AUG-22,Jun 2022,0.33,0.33,0.0,0.0
VSTO,27-JUL-22,Jun 2022,1.92,2.31,0.39,20.31
MNRO,27-JUL-22,Jun 2022,0.28,0.42,0.14,50.0
RCII,03-AUG-22,Jun 2022,1.0,1.15,0.15,15.0
IRBT,05-AUG-22,Jun 2022,-1.59,-0.35,1.24,77.99
EAT,24-AUG-22,Jun 2022,1.16,1.15,-0.01,-0.86
LRN,09-AUG-22,Jun 2022,0.63,0.66,0.03,4.76
SG,09-AUG-22,Jun 2022,-0.39,-0.36,0.03,7.69
SBH,04-AUG-22,Jun 2022,0.59,0.55,-0.04,-6.78
CCS,27-JUL-22,Jun 2022,4.47,4.78,0.31,6.94
DIN,09-AUG-22,Jun 2022,1.58,1.65,0.07,4.43
DDS,11-AUG-22,Jul 2022,2.88,9.3,6.42,222.92
MHO,27-JUL-22,Jun 2022,3.78,4.79,1.01,26.72
LZB,23-AUG-22,Jul 2022,0.68,0.91,0.23,33.82
FSR,03-AUG-22,Jun 2022,-0.41,-0.36,0.05,12.2
PATK,28-JUL-22,Jun 2022,3.42,5.31,1.89,55.26
CWH,02-AUG-22,Jun 2022,1.87,2.16,0.29,15.51
LAUR,04-AUG-22,Jun 2022,0.42,0.25,-0.17,-40.48
POSH,11-AUG-22,Jun 2022,-0.26,-0.29,-0.03,-11.54
MBUU,25-AUG-22,Jun 2022,2.31,2.43,0.12,5.19
MCRI,20-JUL-22,Jun 2022,1.08,1.11,0.03,2.78
PRDO,08-AUG-22,Jun 2022,0.37,0.42,0.05,13.51
AXL,05-AUG-22,Jun 2022,0.12,0.22,0.1,83.33
OSTK,28-JUL-22,Jun 2022,0.32,0.19,-0.13,-40.63
CVNA,04-AUG-22,Jun 2022,-1.81,-2.35,-0.54,-29.83
CAL,23-AUG-22,Jul 2022,1.32,1.38,0.06,4.55
SAH,28-JUL-22,Jun 2022,2.52,2.45,-0.07,-2.78
DBI,31-AUG-22,Jul 2022,0.51,0.62,0.11,21.57
BKE,19-AUG-22,Jul 2022,0.93,1.01,0.08,8.6
WWW,10-AUG-22,Jun 2022,0.64,0.66,0.02,3.13
ANF,25-AUG-22,Jul 2022,0.23,-0.3,-0.53,-230.43
HIBB,25-AUG-22,Jul 2022,2.26,1.86,-0.4,-17.7
WOOF,24-AUG-22,Jul 2022,0.23,0.19,-0.04,-17.39
MOD,03-AUG-22,Jun 2022,0.12,0.32,0.2,166.67
RICK,09-AUG-22,Jun 2022,1.33,1.6,0.27,20.3
RVLV,03-AUG-22,Jun 2022,0.3,0.22,-0.08,-26.67
GDEN,04-AUG-22,Jun 2022,0.9,0.7,-0.2,-22.22
DENN,02-AUG-22,Jun 2022,0.14,0.11,-0.03,-21.43
CHS,31-AUG-22,Jul 2022,0.25,0.34,0.09,36.0
VZIO,10-AUG-22,Jun 2022,-0.03,0.01,0.04,133.33
GIII,07-SEP-22,Jul 2022,0.47,0.39,-0.08,-17.02
TA,01-AUG-22,Jun 2022,1.11,4.34,3.23,290.99
FRG,04-AUG-22,Jun 2022,1.23,1.19,-0.04,-3.25
SMP,03-AUG-22,Jun 2022,1.21,0.93,-0.28,-23.14
GRBK,03-AUG-22,Jun 2022,1.23,2.08,0.85,69.11
ARKO,08-AUG-22,Jun 2022,0.2,0.24,0.04,20.0
BJRI,21-JUL-22,Jun 2022,0.23,0.1,-0.13,-56.52
BALY,04-AUG-22,Jun 2022,0.25,0.32,0.07,28.0
CHUY,04-AUG-22,Jun 2022,0.43,0.44,0.01,2.33
QRTEA,05-AUG-22,Jun 2022,0.21,0.12,-0.09,-42.86
HZO,28-JUL-22,Jun 2022,3.08,3.17,0.09,2.92
SNBR,27-JUL-22,Jun 2022,0.62,1.54,0.92,148.39
GES,24-AUG-22,Jul 2022,0.41,0.39,-0.02,-4.88
BIG,30-AUG-22,Jul 2022,-2.39,-2.28,0.11,4.6
GPRO,04-AUG-22,Jun 2022,0.06,0.08,0.02,33.33
SRI,03-AUG-22,Jun 2022,-0.21,-0.29,-0.08,-38.1
TWOU,28-JUL-22,Jun 2022,-0.16,-0.1,0.06,37.5
RUTH,05-AUG-22,Jun 2022,0.31,0.44,0.13,41.94
GCO,01-SEP-22,Jul 2022,0.26,0.59,0.33,126.92
GRWG,04-AUG-22,Jun 2022,-0.08,-0.14,-0.06,-75.0
MOV,25-AUG-22,Jul 2022,0.71,1.07,0.36,50.7
OSW,03-AUG-22,Jun 2022,0.02,0.04,0.02,100.0
SCVL,25-AUG-22,Jul 2022,1.06,1.04,-0.02,-1.89
CRMT,17-AUG-22,Jul 2022,3.11,2.0,-1.11,-35.69
LIND,01-AUG-22,Jun 2022,-0.59,-0.59,0.0,0.0
MCFT,08-SEP-22,Jun 2022,1.49,1.77,0.28,18.79
ZUMZ,08-SEP-22,Jul 2022,0.47,0.16,-0.31,-65.96
SPWH,01-SEP-22,Jul 2022,0.26,0.36,0.1,38.46
TH,09-AUG-22,Jun 2022,0.17,0.24,0.07,41.18
BZH,28-JUL-22,Jun 2022,1.44,1.76,0.32,22.22
WISH,09-AUG-22,Jun 2022,-0.16,-0.09,0.07,43.75
PETS,25-JUL-22,Jun 2022,0.26,0.14,-0.12,-46.15
PLCE,17-AUG-22,Jul 2022,0.68,-0.89,-1.57,-230.88
ACEL,09-AUG-22,Jun 2022,0.24,0.24,0.0,0.0
ONEW,04-AUG-22,Jun 2022,3.49,3.86,0.37,10.6
BBBY,29-JUN-22,May 2022,-1.33,-2.83,-1.5,-112.78
KRUS,07-JUL-22,May 2022,-0.09,0.05,0.14,155.56
SFIX,20-SEP-22,Jul 2022,-0.6,-0.65,-0.05,-8.33
RIDE,04-AUG-22,Jun 2022,-0.47,-0.19,0.28,59.57
PRTS,02-AUG-22,Jun 2022,0.03,0.07,0.04,133.33
AAN,25-JUL-22,Jun 2022,0.66,0.79,0.13,19.7
CSV,27-JUL-22,Jun 2022,0.83,0.58,-0.25,-30.12
WKHS,09-AUG-22,Jun 2022,-0.13,-0.13,0.0,0.0
RSI,04-AUG-22,Jun 2022,-0.1,-0.13,-0.03,-30.0
VUZI,09-AUG-22,Jun 2022,-0.17,-0.16,0.01,5.88
GOEV,08-AUG-22,Jun 2022,-0.53,-0.68,-0.15,-28.3
TUP,03-AUG-22,Jun 2022,0.3,0.41,0.11,36.67
FNKO,04-AUG-22,Jun 2022,0.22,0.26,0.04,18.18
PG,29-JUL-22,Jun 2022,1.23,1.21,-0.02,-1.63
PEP,12-JUL-22,Jun 2022,1.73,1.86,0.13,7.51
KO,26-JUL-22,Jun 2022,0.67,0.7,0.03,4.48
WMT,16-AUG-22,Jul 2022,1.6,1.77,0.17,10.63
PM,21-JUL-22,Jun 2022,1.24,1.48,0.24,19.35
MDLZ,26-JUL-22,Jun 2022,0.64,0.67,0.03,4.69
MO,28-JUL-22,Jun 2022,1.25,1.26,0.01,0.8
CL,29-JUL-22,Jun 2022,0.71,0.72,0.01,1.41
ADM,26-JUL-22,Jun 2022,1.75,2.15,0.4,22.86
EL,18-AUG-22,Jun 2022,0.32,0.42,0.1,31.25
GIS,29-JUN-22,May 2022,1.01,1.12,0.11,10.89
KMB,26-JUL-22,Jun 2022,1.35,1.34,-0.01,-0.74
SYY,09-AUG-22,Jun 2022,1.12,1.15,0.03,2.68
STZ,30-JUN-22,May 2022,2.51,2.66,0.15,5.98
MNST,04-AUG-22,Jun 2022,0.68,0.51,-0.17,-25.0
HSY,28-JUL-22,Jun 2022,1.69,1.8,0.11,6.51
KDP,28-JUL-22,Jun 2022,0.39,0.39,0.0,0.0
KR,09-SEP-22,Jul 2022,0.83,0.9,0.07,8.43
WBA,30-JUN-22,May 2022,0.95,0.96,0.01,1.05
KHC,27-JUL-22,Jun 2022,0.67,0.7,0.03,4.48
MKC,29-JUN-22,May 2022,0.65,0.48,-0.17,-26.15
TSN,08-AUG-22,Jun 2022,1.91,1.94,0.03,1.57
CHD,29-JUL-22,Jun 2022,0.71,0.76,0.05,7.04
K,04-AUG-22,Jun 2022,1.05,1.18,0.13,12.38
CLX,03-AUG-22,Jun 2022,0.95,0.93,-0.02,-2.11
CAG,14-JUL-22,May 2022,0.64,0.65,0.01,1.56
SJM,23-AUG-22,Jul 2022,1.25,1.67,0.42,33.6
BG,27-JUL-22,Jun 2022,3.4,2.97,-0.43,-12.65
HRL,01-SEP-22,Jul 2022,0.41,0.4,-0.01,-2.44
LW,27-JUL-22,May 2022,0.51,0.65,0.14,27.45
DAR,09-AUG-22,Jun 2022,1.32,1.23,-0.09,-6.82
BJ,18-AUG-22,Jul 2022,0.83,1.06,0.23,27.71
CPB,01-SEP-22,Jul 2022,0.56,0.56,0.0,0.0
CASY,07-SEP-22,Jul 2022,4.32,4.09,-0.23,-5.32
TAP,02-AUG-22,Jun 2022,1.18,1.19,0.01,0.85
PFGC,17-AUG-22,Jun 2022,1.04,1.07,0.03,2.88
USFD,11-AUG-22,Jun 2022,0.67,0.67,0.0,0.0
FLO,11-AUG-22,Jun 2022,0.27,0.31,0.04,14.81
POST,04-AUG-22,Jun 2022,0.58,0.69,0.11,18.97
CELH,09-AUG-22,Jun 2022,0.08,0.12,0.04,50.0
TWNK,03-AUG-22,Jun 2022,0.22,0.22,0.0,0.0
LANC,25-AUG-22,Jun 2022,0.5,1.35,0.85,170.0
SFM,03-AUG-22,Jun 2022,0.52,0.57,0.05,9.62
BRBR,04-AUG-22,Jun 2022,0.3,0.31,0.01,3.33
ACI,26-JUL-22,May 2022,0.9,1.0,0.1,11.11
SAM,21-JUL-22,Jun 2022,5.29,4.31,-0.98,-18.53
SMPL,30-JUN-22,May 2022,0.35,0.44,0.09,25.71
FRPT,08-AUG-22,Jun 2022,-0.14,-0.45,-0.31,-221.43
GO,09-AUG-22,Jun 2022,0.24,0.29,0.05,20.83
COTY,25-AUG-22,Jun 2022,-0.01,-0.01,0.0,0.0
PRMW,11-AUG-22,Jun 2022,0.16,0.21,0.05,31.25
UNFI,27-SEP-22,Jul 2022,1.25,1.27,0.02,1.6
ELF,03-AUG-22,Jun 2022,0.23,0.39,0.16,69.57
THS,08-AUG-22,Jun 2022,-0.17,-0.04,0.13,76.47
EPC,04-AUG-22,Jun 2022,0.7,0.86,0.16,22.86
WDFC,07-JUL-22,May 2022,1.28,1.07,-0.21,-16.41
JJSF,02-AUG-22,Jun 2022,1.04,0.93,-0.11,-10.58
ENR,08-AUG-22,Jun 2022,0.78,0.77,-0.01,-1.28
CALM,19-JUL-22,May 2022,1.5,2.25,0.75,50.0
SPB,12-AUG-22,Jun 2022,1.5,0.54,-0.96,-64.0
HLF,02-AUG-22,Jun 2022,0.63,0.96,0.33,52.38
HAIN,25-AUG-22,Jun 2022,0.27,0.08,-0.19,-70.37
CENTA,03-AUG-22,Jun 2022,1.26,1.39,0.13,10.32
NUS,04-AUG-22,Jun 2022,0.79,0.77,-0.02,-2.53
MGPI,04-AUG-22,Jun 2022,0.88,1.15,0.27,30.68
VGR,04-AUG-22,Jun 2022,0.34,0.25,-0.09,-26.47
REYN,09-AUG-22,Jun 2022,0.26,0.26,0.0,0.0
IPAR,09-AUG-22,Jun 2022,0.98,0.86,-0.12,-12.24
MED,03-AUG-22,Jun 2022,3.28,3.87,0.59,17.99
ANDE,02-AUG-22,Jun 2022,1.1,2.39,1.29,117.27
PPC,27-JUL-22,Jun 2022,1.12,1.54,0.42,37.5
FIZZ,08-SEP-22,Jul 2022,0.57,0.38,-0.19,-33.33
SPTN,18-AUG-22,Jun 2022,0.58,0.66,0.08,13.79
AVO,08-SEP-22,Jul 2022,0.31,0.27,-0.04,-12.9
CHEF,27-JUL-22,Jun 2022,0.35,0.51,0.16,45.71
UTZ,11-AUG-22,Jun 2022,0.11,0.13,0.02,18.18
BGS,04-AUG-22,Jun 2022,0.27,0.07,-0.2,-74.07
STKL,10-AUG-22,Jun 2022,-0.01,0.03,0.04,400.0
BYND,04-AUG-22,Jun 2022,-1.22,-1.53,-0.31,-25.41
USNA,26-JUL-22,Jun 2022,1.05,1.0,-0.05,-4.76
CVGW,01-SEP-22,Jul 2022,0.36,0.16,-0.2,-55.56
TPB,27-JUL-22,Jun 2022,0.66,0.7,0.04,6.06
TTCF,08-AUG-22,Jun 2022,-0.15,-0.32,-0.17,-113.33
VERU,11-AUG-22,Jun 2022,-0.18,-0.28,-0.1,-55.56
CENT,03-AUG-22,Jun 2022,1.26,1.39,0.13,10.32
RAD,23-JUN-22,May 2022,-0.7,-0.6,0.1,14.29
COCO,10-AUG-22,Jun 2022,0.07,0.07,0.0,0.0
LNDC,10-AUG-22,May 2022,-0.02,-0.01,0.01,50.0
NAPA,28-SEP-22,Jul 2022,0.09,0.08,-0.01,-11.11
XOM,29-JUL-22,Jun 2022,3.8,4.14,0.34,8.95
CVX,29-JUL-22,Jun 2022,5.02,5.82,0.8,15.94
COP,04-AUG-22,Jun 2022,3.78,3.91,0.13,3.44
EOG,04-AUG-22,Jun 2022,2.99,2.74,-0.25,-8.36
SLB,22-JUL-22,Jun 2022,0.4,0.5,0.1,25.0
MPC,02-AUG-22,Jun 2022,9.17,10.61,1.44,15.7
PXD,02-AUG-22,Jun 2022,8.81,9.36,0.55,6.24
OXY,02-AUG-22,Jun 2022,2.93,3.16,0.23,7.85
VLO,28-JUL-22,Jun 2022,9.7,11.36,1.66,17.11
PSX,29-JUL-22,Jun 2022,5.92,6.77,0.85,14.36
DVN,01-AUG-22,Jun 2022,2.38,2.59,0.21,8.82
LNG,04-AUG-22,Jun 2022,2.83,2.9,0.07,2.47
WMB,01-AUG-22,Jun 2022,0.37,0.4,0.03,8.11
HES,27-JUL-22,Jun 2022,2.07,2.15,0.08,3.86
KMI,20-JUL-22,Jun 2022,0.27,0.27,0.0,0.0
HAL,19-JUL-22,Jun 2022,0.45,0.49,0.04,8.89
BKR,20-JUL-22,Jun 2022,0.22,0.11,-0.11,-50.0
OKE,08-AUG-22,Jun 2022,0.84,0.92,0.08,9.52
FANG,01-AUG-22,Jun 2022,6.66,7.07,0.41,6.16
CTRA,02-AUG-22,Jun 2022,1.2,1.35,0.15,12.5
MRO,03-AUG-22,Jun 2022,1.23,1.32,0.09,7.32
TRGP,04-AUG-22,Jun 2022,1.06,1.61,0.55,51.89
EQT,27-JUL-22,Jun 2022,0.81,0.83,0.02,2.47
TPL,03-AUG-22,Jun 2022,15.3,15.37,0.07,0.46
APA,03-AUG-22,Jun 2022,2.37,2.37,0.0,0.0
OVV,03-AUG-22,Jun 2022,2.69,2.42,-0.27,-10.04
CHK,02-AUG-22,Jun 2022,3.74,4.87,1.13,30.21
AR,27-JUL-22,Jun 2022,1.92,1.69,-0.23,-11.98
NOV,27-JUL-22,Jun 2022,0.05,0.18,0.13,260.0
MTDR,26-JUL-22,Jun 2022,3.16,3.47,0.31,9.81
SWN,04-AUG-22,Jun 2022,0.31,0.33,0.02,6.45
RRC,25-JUL-22,Jun 2022,1.21,1.27,0.06,4.96
PDCE,03-AUG-22,Jun 2022,4.57,5.11,0.54,11.82
MUR,04-AUG-22,Jun 2022,1.42,1.93,0.51,35.92
CHX,26-JUL-22,Jun 2022,0.26,0.28,0.02,7.69
SM,03-AUG-22,Jun 2022,2.12,2.19,0.07,3.3
HP,27-JUL-22,Jun 2022,0.05,0.27,0.22,440.0
CIVI,03-AUG-22,Jun 2022,4.25,4.63,0.38,8.94
PBF,28-JUL-22,Jun 2022,7.36,10.58,3.22,43.75
MGY,02-AUG-22,Jun 2022,1.18,1.1,-0.08,-6.78
PTEN,27-JUL-22,Jun 2022,-0.01,0.05,0.06,600.0
AM,27-JUL-22,Jun 2022,0.2,0.2,0.0,0.0
CNX,28-JUL-22,Jun 2022,0.79,0.61,-0.18,-22.78
ETRN,02-AUG-22,Jun 2022,0.11,0.11,0.0,0.0
CRC,03-AUG-22,Jun 2022,1.96,1.13,-0.83,-42.35
BTU,28-JUL-22,Jun 2022,3.05,2.67,-0.38,-12.46
KOS,08-AUG-22,Jun 2022,0.2,0.28,0.08,40.0
WHD,04-AUG-22,Jun 2022,0.36,0.44,0.08,22.22
CLR,28-JUL-22,Jun 2022,3.17,3.47,0.3,9.46
LBRT,25-JUL-22,Jun 2022,0.18,0.55,0.37,205.56
NOG,03-AUG-22,Jun 2022,1.57,1.72,0.15,9.55
NFE,03-AUG-22,Jun 2022,0.61,0.69,0.08,13.11
STNG,28-JUL-22,Jun 2022,2.88,3.13,0.25,8.68
DK,04-AUG-22,Jun 2022,3.07,4.4,1.33,43.32
ARCH,28-JUL-22,Jun 2022,21.86,19.3,-2.56,-11.71
GLNG,11-AUG-22,Jun 2022,0.26,0.4,0.14,53.85
INSW,09-AUG-22,Jun 2022,1.22,1.43,0.21,17.21
CEIX,04-AUG-22,Jun 2022,1.83,3.42,1.59,86.89
CPE,03-AUG-22,Jun 2022,4.0,3.68,-0.32,-8.0
MNRL,04-AUG-22,Jun 2022,0.69,0.78,0.09,13.04
INT,28-JUL-22,Jun 2022,0.29,0.41,0.12,41.38
EVA,03-AUG-22,Jun 2022,-0.11,-0.27,-0.16,-145.45
NEX,26-JUL-22,Jun 2022,0.35,0.39,0.04,11.43
CRK,01-AUG-22,Jun 2022,0.93,1.0,0.07,7.53
NBR,03-AUG-22,Jun 2022,-6.43,-6.99,-0.56,-8.71
SFL,17-AUG-22,Jun 2022,0.18,0.3,0.12,66.67
TALO,04-AUG-22,Jun 2022,1.31,1.2,-0.11,-8.4
OII,27-JUL-22,Jun 2022,0.14,0.07,-0.07,-50.0
UEC,30-SEP-22,Jul 2022,-0.01,0.02,0.03,300.0
GPRE,02-AUG-22,Jun 2022,0.11,0.36,0.25,227.27
EE,10-AUG-22,Jun 2022,0.19,0.78,0.59,310.53
LPI,03-AUG-22,Jun 2022,7.49,7.5,0.01,0.13
DHT,10-AUG-22,Jun 2022,-0.02,0.04,0.06,300.0
SLCA,29-JUL-22,Jun 2022,0.19,0.32,0.13,68.42
CVI,01-AUG-22,Jun 2022,2.1,2.45,0.35,16.67
PARR,08-AUG-22,Jun 2022,1.9,3.31,1.41,74.21
DRQ,28-JUL-22,Jun 2022,-0.12,-0.1,0.02,16.67
GPOR,02-AUG-22,Jun 2022,4.53,5.09,0.56,12.36
WTI,08-AUG-22,Jun 2022,0.37,1.32,0.95,256.76
HLX,25-JUL-22,Jun 2022,-0.16,-0.2,-0.04,-25.0
PUMP,02-AUG-22,Jun 2022,0.26,0.29,0.03,11.54
RES,27-JUL-22,Jun 2022,0.1,0.22,0.12,120.0
BRY,03-AUG-22,Jun 2022,0.66,0.64,-0.02,-3.03
TNK,04-AUG-22,Jun 2022,0.33,0.76,0.43,130.3
WTTR,02-AUG-22,Jun 2022,0.04,0.13,0.09,225.0
ASC,27-JUL-22,Jun 2022,0.79,0.81,0.02,2.53
TTI,01-AUG-22,Jun 2022,0.05,0.05,0.0,0.0
NAT,30-AUG-22,Jun 2022,-0.06,-0.02,0.04,66.67
OIS,27-JUL-22,Jun 2022,-0.05,-0.08,-0.03,-60.0
SOI,01-AUG-22,Jun 2022,0.13,0.2,0.07,53.85
EGY,10-AUG-22,Jun 2022,0.69,0.52,-0.17,-24.64
VTNR,09-AUG-22,Jun 2022,1.26,0.68,-0.58,-46.03
ESTE,04-AUG-22,Jun 2022,1.23,1.29,0.06,4.88
REX,30-AUG-22,Jul 2022,0.6,0.63,0.03,5.0
BOOM,04-AUG-22,Jun 2022,-0.12,0.29,0.41,341.67
GEVO,08-AUG-22,Jun 2022,-0.08,-0.06,0.02,25.0
SBOW,03-AUG-22,Jun 2022,1.82,3.01,1.19,65.38
STR,08-AUG-22,Jun 2022,0.67,0.39,-0.28,-41.79
JPM,14-JUL-22,Jun 2022,2.85,2.76,-0.09,-3.16
BAC,18-JUL-22,Jun 2022,0.77,0.73,-0.04,-5.19
WFC,15-JUL-22,Jun 2022,0.77,0.74,-0.03,-3.9
GS,18-JUL-22,Jun 2022,6.99,7.73,0.74,10.59
SCHW,18-JUL-22,Jun 2022,0.91,0.97,0.06,6.59
SPGI,02-AUG-22,Jun 2022,2.91,2.81,-0.1,-3.44
BLK,15-JUL-22,Jun 2022,7.94,7.36,-0.58,-7.3
MS,14-JUL-22,Jun 2022,1.55,1.44,-0.11,-7.1
C,15-JUL-22,Jun 2022,1.67,2.3,0.63,37.72
AXP,22-JUL-22,Jun 2022,2.37,2.57,0.2,8.44
CB,26-JUL-22,Jun 2022,3.59,4.2,0.61,16.99
MMC,21-JUL-22,Jun 2022,1.86,1.89,0.03,1.61
PGR,15-JUL-22,Jun 2022,0.95,0.95,0.0,0.0
BX,21-JUL-22,Jun 2022,1.47,1.49,0.02,1.36
PNC,15-JUL-22,Jun 2022,3.11,3.42,0.31,9.97
AON,29-JUL-22,Jun 2022,2.57,2.63,0.06,2.33
CME,27-JUL-22,Jun 2022,1.92,1.97,0.05,2.6
TFC,19-JUL-22,Jun 2022,1.17,1.2,0.03,2.56
USB,15-JUL-22,Jun 2022,1.07,1.09,0.02,1.87
ICE,04-AUG-22,Jun 2022,1.28,1.32,0.04,3.13
MET,03-AUG-22,Jun 2022,1.55,2.0,0.45,29.03
MCO,26-JUL-22,Jun 2022,2.34,2.22,-0.12,-5.13
AIG,08-AUG-22,Jun 2022,1.23,1.19,-0.04,-3.25
AFL,01-AUG-22,Jun 2022,1.29,1.46,0.17,13.18
TRV,21-JUL-22,Jun 2022,2.0,2.57,0.57,28.5
COF,21-JUL-22,Jun 2022,5.13,4.96,-0.17,-3.31
PRU,02-AUG-22,Jun 2022,2.62,1.74,-0.88,-33.59
AJG,28-JUL-22,Jun 2022,1.68,1.7,0.02,1.19
MSCI,26-JUL-22,Jun 2022,2.7,2.78,0.08,2.96
AMP,26-JUL-22,Jun 2022,5.73,5.81,0.08,1.4
ALL,03-AUG-22,Jun 2022,-1.26,-0.76,0.5,39.68
KKR,02-AUG-22,Jun 2022,0.93,0.95,0.02,2.15
BK,15-JUL-22,Jun 2022,1.12,1.15,0.03,2.68
MTB,20-JUL-22,Jun 2022,3.1,3.1,0.0,0.0
DFS,20-JUL-22,Jun 2022,3.75,3.96,0.21,5.6
APO,04-AUG-22,Jun 2022,1.03,0.94,-0.09,-8.74
STT,15-JUL-22,Jun 2022,1.76,1.94,0.18,10.23
TROW,28-JUL-22,Jun 2022,2.24,1.79,-0.45,-20.09
WTW,28-JUL-22,Jun 2022,2.31,2.32,0.01,0.43
FITB,21-JUL-22,Jun 2022,0.87,0.79,-0.08,-9.2
HIG,28-JUL-22,Jun 2022,1.52,2.15,0.63,41.45
RJF,27-JUL-22,Jun 2022,1.62,1.61,-0.01,-0.62
PFG,08-AUG-22,Jun 2022,1.39,1.65,0.26,18.71
FRC,14-JUL-22,Jun 2022,2.05,2.16,0.11,5.37
NDAQ,20-JUL-22,Jun 2022,0.64,0.69,0.05,7.81
RF,22-JUL-22,Jun 2022,0.53,0.59,0.06,11.32
HBAN,21-JUL-22,Jun 2022,0.34,0.36,0.02,5.88
ACGL,27-JUL-22,Jun 2022,1.09,1.34,0.25,22.94
CFG,19-JUL-22,Jun 2022,1.02,1.14,0.12,11.76
LPLA,02-AUG-22,Jun 2022,2.01,2.24,0.23,11.44
SYF,18-JUL-22,Jun 2022,1.43,1.6,0.17,11.89
NTRS,20-JUL-22,Jun 2022,1.9,1.86,-0.04,-2.11
KEY,21-JUL-22,Jun 2022,0.52,0.54,0.02,3.85
MKL,02-AUG-22,Jun 2022,21.43,13.78,-7.65,-35.7
CINF,27-JUL-22,Jun 2022,1.05,0.65,-0.4,-38.1
FDS,23-JUN-22,May 2022,3.18,3.76,0.58,18.24
WRB,21-JUL-22,Jun 2022,0.84,1.12,0.28,33.33
BRO,25-JUL-22,Jun 2022,0.49,0.51,0.02,4.08
SIVB,21-JUL-22,Jun 2022,7.68,5.6,-2.08,-27.08
FHN,19-JUL-22,Jun 2022,0.35,0.34,-0.01,-2.86
CBOE,29-JUL-22,Jun 2022,1.7,1.67,-0.03,-1.76
ARES,28-JUL-22,Jun 2022,0.7,0.74,0.04,5.71
RE,27-JUL-22,Jun 2022,9.07,9.79,0.72,7.94
EQH,03-AUG-22,Jun 2022,1.31,1.31,0.0,0.0
FNF,02-AUG-22,Jun 2022,1.63,1.9,0.27,16.56
GL,27-JUL-22,Jun 2022,2.04,2.07,0.03,1.47
MKTX,20-JUL-22,Jun 2022,1.71,1.78,0.07,4.09
EWBC,21-JUL-22,Jun 2022,1.68,1.81,0.13,7.74
FCNCA,28-JUL-22,Jun 2022,13.77,16.86,3.09,22.44
AFG,03-AUG-22,Jun 2022,2.24,2.85,0.61,27.23
WBS,21-JUL-22,Jun 2022,1.24,1.29,0.05,4.03
CMA,20-JUL-22,Jun 2022,1.77,1.92,0.15,8.47
RGA,04-AUG-22,Jun 2022,2.72,5.78,3.06,112.5
NLY,27-JUL-22,Jun 2022,1.0,1.2,0.2,20.0
ALLY,19-JUL-22,Jun 2022,1.9,1.76,-0.14,-7.37
CFR,28-JUL-22,Jun 2022,1.77,1.81,0.04,2.26
SBNY,19-JUL-22,Jun 2022,5.06,5.26,0.2,3.95
UNM,02-AUG-22,Jun 2022,1.23,1.91,0.68,55.28
CBSH,21-JUL-22,Jun 2022,0.95,0.96,0.01,1.05
ZION,26-JUL-22,Jun 2022,1.35,1.29,-0.06,-4.44
COIN,09-AUG-22,Jun 2022,-3.04,-4.95,-1.91,-62.83
WAL,21-JUL-22,Jun 2022,2.3,2.39,0.09,3.91
RNR,25-JUL-22,Jun 2022,5.05,5.51,0.46,9.11
JEF,27-JUN-22,May 2022,0.65,0.46,-0.19,-29.23
BEN,28-JUL-22,Jun 2022,0.73,0.82,0.09,12.33
VOYA,02-AUG-22,Jun 2022,1.39,1.67,0.28,20.14
IBKR,19-JUL-22,Jun 2022,0.91,0.84,-0.07,-7.69
ERIE,28-JUL-22,Jun 2022,1.62,1.53,-0.09,-5.56
IVZ,27-JUL-22,Jun 2022,0.52,0.39,-0.13,-25.0
SSB,28-JUL-22,Jun 2022,1.53,1.62,0.09,5.88
KNSL,28-JUL-22,Jun 2022,1.68,1.92,0.24,14.29
AIZ,02-AUG-22,Jun 2022,3.21,2.95,-0.26,-8.1
ORI,28-JUL-22,Jun 2022,0.6,0.69,0.09,15.0
PNFP,19-JUL-22,Jun 2022,1.68,1.86,0.18,10.71
PB,27-JUL-22,Jun 2022,1.38,1.4,0.02,1.45
GBCI,21-JUL-22,Jun 2022,0.69,0.69,0.0,0.0
TW,03-AUG-22,Jun 2022,0.46,0.47,0.01,2.17
SNV,21-JUL-22,Jun 2022,1.1,1.17,0.07,6.36
SEIC,20-JUL-22,Jun 2022,0.82,0.81,-0.01,-1.22
STWD,04-AUG-22,Jun 2022,0.49,0.51,0.02,4.08
CG,28-JUL-22,Jun 2022,1.11,1.17,0.06,5.41
AMG,01-AUG-22,Jun 2022,4.0,4.03,0.03,0.75
LNC,03-AUG-22,Jun 2022,2.35,2.23,-0.12,-5.11
ONB,26-JUL-22,Jun 2022,0.39,0.46,0.07,17.95
OZK,21-JUL-22,Jun 2022,1.02,1.1,0.08,7.84
FAF,28-JUL-22,Jun 2022,1.62,1.97,0.35,21.6
WTFC,20-JUL-22,Jun 2022,1.69,1.49,-0.2,-11.83
VLY,28-JUL-22,Jun 2022,0.29,0.32,0.03,10.34
SIGI,03-AUG-22,Jun 2022,1.25,1.17,-0.08,-6.4
BPOP,28-JUL-22,Jun 2022,2.52,2.77,0.25,9.92
RLI,20-JUL-22,Jun 2022,1.02,1.49,0.47,46.08
PRI,08-AUG-22,Jun 2022,3.02,2.86,-0.16,-5.3
HOMB,21-JUL-22,Jun 2022,0.38,0.47,0.09,23.68
HWC,19-JUL-22,Jun 2022,1.34,1.38,0.04,2.99
THG,02-AUG-22,Jun 2022,2.1,2.32,0.22,10.48
HLI,28-JUL-22,Jun 2022,0.88,1.1,0.22,25.0
FFIN,21-JUL-22,Jun 2022,0.39,0.42,0.03,7.69
AGNC,25-JUL-22,Jun 2022,0.6,0.83,0.23,38.33
NYCB,27-JUL-22,Jun 2022,0.32,0.35,0.03,9.38
MTG,03-AUG-22,Jun 2022,0.54,0.81,0.27,50.0
FNB,20-JUL-22,Jun 2022,0.3,0.31,0.01,3.33
UMPQ,20-JUL-22,Jun 2022,0.39,0.37,-0.02,-5.13
OMF,27-JUL-22,Jun 2022,1.9,1.87,-0.03,-1.58
AXS,26-JUL-22,Jun 2022,1.54,1.74,0.2,12.99
ESNT,05-AUG-22,Jun 2022,1.58,2.16,0.58,36.71
SLM,27-JUL-22,Jun 2022,1.24,1.29,0.05,4.03
BXMT,27-JUL-22,Jun 2022,0.61,0.67,0.06,9.84
FIBK,26-JUL-22,Jun 2022,0.75,0.93,0.18,24.0
CADE,25-JUL-22,Jun 2022,0.66,0.73,0.07,10.61
BHF,04-AUG-22,Jun 2022,2.83,3.29,0.46,16.25
EVR,27-JUL-22,Jun 2022,1.37,2.46,1.09,79.56
INDB,21-JUL-22,Jun 2022,1.27,1.32,0.05,3.94
SFBS,18-JUL-22,Jun 2022,1.08,1.14,0.06,5.56
ASB,21-JUL-22,Jun 2022,0.44,0.56,0.12,27.27
CVBF,20-JUL-22,Jun 2022,0.38,0.42,0.04,10.53
UCBI,19-JUL-22,Jun 2022,0.69,0.66,-0.03,-4.35
JHG,28-JUL-22,Jun 2022,0.65,0.63,-0.02,-3.08
UMBF,26-JUL-22,Jun 2022,1.88,2.83,0.95,50.53
FHB,29-JUL-22,Jun 2022,0.45,0.46,0.01,2.22
BOH,25-JUL-22,Jun 2022,1.35,1.38,0.03,2.22
RDN,01-AUG-22,Jun 2022,0.9,1.36,0.46,51.11
FCFS,28-JUL-22,Jun 2022,0.93,1.08,0.15,16.13
CBU,25-JUL-22,Jun 2022,0.81,0.85,0.04,4.94
LAZ,28-JUL-22,Jun 2022,0.87,0.92,0.05,5.75
KMPR,01-AUG-22,Jun 2022,-0.49,-0.62,-0.13,-26.53
CACC,01-AUG-22,Jun 2022,13.09,7.94,-5.15,-39.34
ABCB,26-JUL-22,Jun 2022,1.19,1.18,-0.01,-0.84
FHI,28-JUL-22,Jun 2022,0.7,0.74,0.04,5.71
CATY,25-JUL-22,Jun 2022,1.15,1.18,0.03,2.61
BOKF,27-JUL-22,Jun 2022,1.44,1.96,0.52,36.11
PPBI,21-JUL-22,Jun 2022,0.72,0.73,0.01,1.39
SFNC,21-JUL-22,Jun 2022,0.46,0.52,0.06,13.04
COOP,27-JUL-22,Jun 2022,0.02,0.17,0.15,750.0
TCBI,21-JUL-22,Jun 2022,0.74,0.59,-0.15,-20.27
WSFS,25-JUL-22,Jun 2022,0.9,1.02,0.12,13.33
PACW,20-JUL-22,Jun 2022,1.07,1.02,-0.05,-4.67
EBC,28-JUL-22,Jun 2022,0.29,0.32,0.03,10.34
BKU,21-JUL-22,Jun 2022,0.9,0.82,-0.08,-8.89
FBP,22-JUL-22,Jun 2022,0.34,0.38,0.04,11.76
CNO,01-AUG-22,Jun 2022,0.47,0.85,0.38,80.85
HASI,04-AUG-22,Jun 2022,0.5,0.6,0.1,20.0
MC,27-JUL-22,Jun 2022,0.41,0.57,0.16,39.02
AEL,08-AUG-22,Jun 2022,0.79,0.98,0.19,24.05
FULT,19-JUL-22,Jun 2022,0.36,0.42,0.06,16.67
PIPR,29-JUL-22,Jun 2022,2.29,2.47,0.18,7.86
WSBC,26-JUL-22,Jun 2022,0.68,0.67,-0.01,-1.47
BANR,20-JUL-22,Jun 2022,1.21,1.25,0.04,3.31
HLNE,02-AUG-22,Jun 2022,0.8,0.92,0.12,15.0
COLB,21-JUL-22,Jun 2022,0.77,0.79,0.02,2.6
WD,04-AUG-22,Jun 2022,1.75,1.61,-0.14,-8.0
WAFD,13-JUL-22,Jun 2022,0.79,0.91,0.12,15.19
RNST,26-JUL-22,Jun 2022,0.64,0.72,0.08,12.5
VIRT,28-JUL-22,Jun 2022,0.74,0.73,-0.01,-1.35
AX,04-AUG-22,Jun 2022,1.02,1.12,0.1,9.8
FRME,26-JUL-22,Jun 2022,0.88,1.01,0.13,14.77
FFBC,21-JUL-22,Jun 2022,0.5,0.55,0.05,10.0
TRMK,26-JUL-22,Jun 2022,0.45,0.56,0.11,24.44
ABR,29-JUL-22,Jun 2022,0.43,0.52,0.09,20.93
FOCS,04-AUG-22,Jun 2022,1.08,1.18,0.1,9.26
IBTX,25-JUL-22,Jun 2022,1.23,1.27,0.04,3.25
SYBT,27-JUL-22,Jun 2022,0.89,0.91,0.02,2.25
NBTB,25-JUL-22,Jun 2022,0.84,0.89,0.05,5.95
FBC,27-JUL-22,Jun 2022,1.12,1.17,0.05,4.46
CNNE,08-AUG-22,Jun 2022,-0.13,-0.99,-0.86,-661.54
TRUP,03-AUG-22,Jun 2022,-0.23,-0.33,-0.1,-43.48
PRK,25-JUL-22,Jun 2022,2.05,2.0,-0.05,-2.44
NAVI,26-JUL-22,Jun 2022,0.79,0.92,0.13,16.46
NMIH,02-AUG-22,Jun 2022,0.77,0.86,0.09,11.69
APAM,02-AUG-22,Jun 2022,0.84,0.79,-0.05,-5.95
ARI,26-JUL-22,Jun 2022,0.3,0.35,0.05,16.67
BRP,09-AUG-22,Jun 2022,0.2,0.23,0.03,15.0
HTLF,25-JUL-22,Jun 2022,1.06,1.17,0.11,10.38
EFSC,25-JUL-22,Jun 2022,1.13,1.19,0.06,5.31
PFS,29-JUL-22,Jun 2022,0.52,0.53,0.01,1.92
WABC,21-JUL-22,Jun 2022,0.85,0.94,0.09,10.59
PJT,26-JUL-22,Jun 2022,0.8,0.88,0.08,10.0
BANF,21-JUL-22,Jun 2022,1.09,1.34,0.25,22.94
LKFN,25-JUL-22,Jun 2022,0.95,1.0,0.05,5.26
STEP,04-AUG-22,Jun 2022,0.3,0.41,0.11,36.67
NTB,25-JUL-22,Jun 2022,0.92,1.01,0.09,9.78
EGBN,20-JUL-22,Jun 2022,1.16,1.2,0.04,3.45
UPST,08-AUG-22,Jun 2022,-0.05,0.01,0.06,120.0
SBCF,28-JUL-22,Jun 2022,0.53,0.59,0.06,11.32
TCBK,27-JUL-22,Jun 2022,0.98,0.93,-0.05,-5.1
HTH,21-JUL-22,Jun 2022,0.32,0.45,0.13,40.63
PLMR,03-AUG-22,Jun 2022,0.66,0.73,0.07,10.61
CHCO,21-JUL-22,Jun 2022,1.3,1.51,0.21,16.15
HMN,04-AUG-22,Jun 2022,-0.16,-0.01,0.15,93.75
ENVA,28-JUL-22,Jun 2022,1.59,1.64,0.05,3.14
FBNC,27-JUL-22,Jun 2022,0.95,1.03,0.08,8.42
TWO,03-AUG-22,Jun 2022,0.6,0.88,0.28,46.67
HOPE,19-JUL-22,Jun 2022,0.41,0.43,0.02,4.88
NWBI,25-JUL-22,Jun 2022,0.23,0.26,0.03,13.04
CIM,04-AUG-22,Jun 2022,0.37,0.31,-0.06,-16.22
BUSE,26-JUL-22,Jun 2022,0.57,0.54,-0.03,-5.26
SASR,21-JUL-22,Jun 2022,0.97,0.95,-0.02,-2.06
VBTX,27-JUL-22,Jun 2022,0.69,0.55,-0.14,-20.29
NBHC,19-JUL-22,Jun 2022,0.64,0.69,0.05,7.81
PFSI,02-AUG-22,Jun 2022,1.22,2.28,1.06,86.89
TBBK,28-JUL-22,Jun 2022,0.49,0.53,0.04,8.16
PMT,02-AUG-22,Jun 2022,0.4,-0.88,-1.28,-320.0
OCFC,28-JUL-22,Jun 2022,0.54,0.59,0.05,9.26
BHLB,20-JUL-22,Jun 2022,0.46,0.51,0.05,10.87
BGCP,03-AUG-22,Jun 2022,0.17,0.17,0.0,0.0
TBK,20-JUL-22,Jun 2022,0.85,0.87,0.02,2.35
CASH,27-JUL-22,Jun 2022,0.83,0.93,0.1,12.05
CNA,01-AUG-22,Jun 2022,0.99,0.9,-0.09,-9.09
FCF,26-JUL-22,Jun 2022,0.33,0.33,0.0,0.0
DCOM,29-JUL-22,Jun 2022,0.85,1.01,0.16,18.82
LBAI,28-JUL-22,Jun 2022,0.44,0.44,0.0,0.0
STBA,21-JUL-22,Jun 2022,0.63,0.74,0.11,17.46
FBK,18-JUL-22,Jun 2022,0.78,0.64,-0.14,-17.95
OFG,21-JUL-22,Jun 2022,0.71,0.84,0.13,18.31
MFA,04-AUG-22,Jun 2022,-0.12,-1.06,-0.94,-783.33
PRAA,08-AUG-22,Jun 2022,0.53,0.91,0.38,71.7
SBSI,25-JUL-22,Jun 2022,0.8,0.79,-0.01,-1.25
VRTS,29-JUL-22,Jun 2022,7.06,6.86,-0.2,-2.83
CFFN,27-JUL-22,Jun 2022,0.15,0.16,0.01,6.67
BCOR,08-AUG-22,Jun 2022,0.95,0.99,0.04,4.21
ECPG,03-AUG-22,Jun 2022,2.03,2.29,0.26,12.81
EIG,28-JUL-22,Jun 2022,0.58,0.79,0.21,36.21
LADR,28-JUL-22,Jun 2022,0.22,0.34,0.12,54.55
HFWA,21-JUL-22,Jun 2022,0.45,0.52,0.07,15.56
OBNK,27-JUL-22,Jun 2022,0.88,0.9,0.02,2.27
TMP,22-JUL-22,Jun 2022,1.29,1.45,0.16,12.4
SI,19-JUL-22,Jun 2022,0.83,1.13,0.3,36.14
CODI,03-AUG-22,Jun 2022,0.42,0.39,-0.03,-7.14
LC,27-JUL-22,Jun 2022,0.41,0.45,0.04,9.76
LOB,27-JUL-22,Jun 2022,0.51,2.16,1.65,323.53
KREF,25-JUL-22,Jun 2022,0.41,0.48,0.07,17.07
AMSF,28-JUL-22,Jun 2022,0.59,0.68,0.09,15.25
RC,04-AUG-22,Jun 2022,0.55,0.46,-0.09,-16.36
NYMT,02-AUG-22,Jun 2022,-0.04,-0.08,-0.04,-100.0
QCRH,26-JUL-22,Jun 2022,1.35,1.73,0.38,28.15
COWN,03-AUG-22,Jun 2022,0.15,0.12,-0.03,-20.0
CNOB,28-JUL-22,Jun 2022,0.76,0.78,0.02,2.63
GABC,25-JUL-22,Jun 2022,0.71,0.81,0.1,14.08
PRA,08-AUG-22,Jun 2022,0.07,0.3,0.23,328.57
HONE,26-JUL-22,Jun 2022,0.22,0.21,-0.01,-4.55
CUBI,27-JUL-22,Jun 2022,1.8,1.77,-0.03,-1.67
GDOT,04-AUG-22,Jun 2022,0.52,0.74,0.22,42.31
MCY,02-AUG-22,Jun 2022,-0.33,-0.35,-0.02,-6.06
BRKL,27-JUL-22,Jun 2022,0.34,0.33,-0.01,-2.94
BANC,21-JUL-22,Jun 2022,0.44,0.45,0.01,2.27
SRCE,21-JUL-22,Jun 2022,1.06,1.18,0.12,11.32
DFIN,03-AUG-22,Jun 2022,0.98,1.54,0.56,57.14
RWT,28-JUL-22,Jun 2022,0.21,-0.11,-0.32,-152.38
HTBK,28-JUL-22,Jun 2022,0.24,0.24,0.0,0.0
AMTB,20-JUL-22,Jun 2022,0.47,0.45,-0.02,-4.26
RKT,04-AUG-22,Jun 2022,0.02,-0.03,-0.05,-250.0
HAFC,26-JUL-22,Jun 2022,0.66,0.82,0.16,24.24
LMND,08-AUG-22,Jun 2022,-1.36,-1.1,0.26,19.12
ACT,01-AUG-22,Jun 2022,0.85,1.26,0.41,48.24
MOFG,28-JUL-22,Jun 2022,0.89,0.8,-0.09,-10.11
TFSL,28-JUL-22,Jun 2022,0.05,0.06,0.01,20.0
NFBK,27-JUL-22,Jun 2022,0.27,0.34,0.07,25.93
ARGO,08-AUG-22,Jun 2022,1.18,0.89,-0.29,-24.58
OSBC,27-JUL-22,Jun 2022,0.35,0.31,-0.04,-11.43
UVSP,27-JUL-22,Jun 2022,0.59,0.45,-0.14,-23.73
JRVR,01-AUG-22,Jun 2022,0.49,0.52,0.03,6.12
PGC,29-JUL-22,Jun 2022,0.82,1.08,0.26,31.71
EFC,04-AUG-22,Jun 2022,0.45,0.41,-0.04,-8.89
TRST,21-JUL-22,Jun 2022,0.77,0.93,0.16,20.78
SPFI,22-JUL-22,Jun 2022,0.5,0.88,0.38,76.0
LPRO,04-AUG-22,Jun 2022,0.18,0.18,0.0,0.0
SMBK,25-JUL-22,Jun 2022,0.65,0.61,-0.04,-6.15
GSHD,27-JUL-22,Jun 2022,0.17,0.16,-0.01,-5.88
PFBC,20-JUL-22,Jun 2022,1.78,1.87,0.09,5.06
MPB,27-JUL-22,Jun 2022,0.68,0.77,0.09,13.24
BRMK,08-AUG-22,Jun 2022,0.17,0.16,-0.01,-5.88
CLBK,27-JUL-22,Jun 2022,0.23,0.23,0.0,0.0
CTBI,20-JUL-22,Jun 2022,1.11,1.14,0.03,2.7
BSIG,28-JUL-22,Jun 2022,0.36,0.41,0.05,13.89
WASH,25-JUL-22,Jun 2022,0.89,1.14,0.25,28.09
BCML,21-JUL-22,Jun 2022,0.52,0.38,-0.14,-26.92
CFB,18-JUL-22,Jun 2022,0.32,0.31,-0.01,-3.13
MSBI,28-JUL-22,Jun 2022,0.96,0.98,0.02,2.08
MCB,21-JUL-22,Jun 2022,1.76,2.07,0.31,17.61
FFWM,26-JUL-22,Jun 2022,0.52,0.59,0.07,13.46
UFCS,04-AUG-22,Jun 2022,0.47,0.24,-0.23,-48.94
AROW,27-JUL-22,Jun 2022,0.69,0.73,0.04,5.8
BY,28-JUL-22,Jun 2022,0.51,0.54,0.03,5.88
AMK,03-AUG-22,Jun 2022,0.4,0.44,0.04,10.0
CPF,27-JUL-22,Jun 2022,0.55,0.64,0.09,16.36
HBNC,27-JUL-22,Jun 2022,0.5,0.56,0.06,12.0
MBWM,19-JUL-22,Jun 2022,0.74,0.74,0.0,0.0
FBMS,27-JUL-22,Jun 2022,0.82,0.8,-0.02,-2.44
ARR,27-JUL-22,Jun 2022,0.25,0.29,0.04,16.0
ORRF,19-JUL-22,Jun 2022,0.67,0.83,0.16,23.88
AMRK,30-AUG-22,Jun 2022,1.41,2.06,0.65,46.1
CAC,26-JUL-22,Jun 2022,1.05,1.02,-0.03,-2.86
CBAN,21-JUL-22,Jun 2022,0.42,0.3,-0.12,-28.57
BWB,28-JUL-22,Jun 2022,0.41,0.41,0.0,0.0
CCBG,26-JUL-22,Jun 2022,0.55,0.51,-0.04,-7.27
GSBC,20-JUL-22,Jun 2022,1.34,1.44,0.1,7.46
PEBO,26-JUL-22,Jun 2022,0.74,0.9,0.16,21.62
FMNB,27-JUL-22,Jun 2022,0.49,0.49,0.0,0.0
FFIC,26-JUL-22,Jun 2022,0.67,0.7,0.03,4.48
BMRC,25-JUL-22,Jun 2022,0.67,0.71,0.04,5.97
BFST,26-JUL-22,Jun 2022,0.58,0.64,0.06,10.34
NRDS,04-AUG-22,Jun 2022,-0.1,-0.14,-0.04,-40.0
CARE,28-JUL-22,Jun 2022,0.36,0.44,0.08,22.22
BSRR,25-JUL-22,Jun 2022,0.58,0.61,0.03,5.17
CATC,19-JUL-22,Jun 2022,1.9,1.9,0.0,0.0
BFC,19-JUL-22,Jun 2022,1.47,1.55,0.08,5.44
BHB,21-JUL-22,Jun 2022,0.7,0.7,0.0,0.0
KRNY,28-JUL-22,Jun 2022,0.22,0.18,-0.04,-18.18
EQBK,19-JUL-22,Jun 2022,0.74,0.91,0.17,22.97
CIVB,28-JUL-22,Jun 2022,0.52,0.53,0.01,1.92
WSBF,21-JUL-22,Jun 2022,0.37,0.36,-0.01,-2.7
RBCAA,22-JUL-22,Jun 2022,0.92,1.2,0.28,30.43
THFF,26-JUL-22,Jun 2022,1.07,1.27,0.2,18.69
UWMC,09-AUG-22,Jun 2022,0.05,0.1,0.05,100.0
VCTR,04-AUG-22,Jun 2022,1.11,1.11,0.0,0.0
HTBI,27-JUL-22,Jun 2022,0.56,0.39,-0.17,-30.36
SFST,26-JUL-22,Jun 2022,1.08,0.9,-0.18,-16.67
EZPW,03-AUG-22,Jun 2022,0.06,0.16,0.1,166.67
ACRE,29-JUL-22,Jun 2022,0.33,0.38,0.05,15.15
ALRS,27-JUL-22,Jun 2022,0.61,0.57,-0.04,-6.56
SMBC,25-JUL-22,Jun 2022,1.33,1.41,0.08,6.02
IBCP,26-JUL-22,Jun 2022,0.56,0.61,0.05,8.93
FMAO,21-JUL-22,Jun 2022,0.62,0.63,0.01,1.61
WTBA,28-JUL-22,Jun 2022,0.69,0.75,0.06,8.7
CCNE,19-JUL-22,Jun 2022,0.8,0.85,0.05,6.25
MBIN,28-JUL-22,Jun 2022,0.9,1.11,0.21,23.33
SMMF,28-JUL-22,Jun 2022,0.97,0.92,-0.05,-5.15
HMST,25-JUL-22,Jun 2022,0.98,0.94,-0.04,-4.08
HCI,08-AUG-22,Jun 2022,0.2,-0.71,-0.91,-455.0
AMAL,28-JUL-22,Jun 2022,0.55,0.65,0.1,18.18
HBCP,26-JUL-22,Jun 2022,1.03,1.19,0.16,15.53
FLIC,28-JUL-22,Jun 2022,0.47,0.54,0.07,14.89
PFHD,28-JUL-22,Jun 2022,0.39,0.5,0.11,28.21
FMBH,28-JUL-22,Jun 2022,0.91,0.9,-0.01,-1.1
FSBC,25-JUL-22,Jun 2022,0.54,0.58,0.04,7.41
FISI,28-JUL-22,Jun 2022,0.78,0.99,0.21,26.92
GNTY,18-JUL-22,Jun 2022,0.79,1.06,0.27,34.18
GCMG,09-AUG-22,Jun 2022,0.13,0.12,-0.01,-7.69
IVR,04-AUG-22,Jun 2022,0.87,1.4,0.53,60.92
TRTX,02-AUG-22,Jun 2022,0.26,0.27,0.01,3.85
RM,03-AUG-22,Jun 2022,1.07,1.24,0.17,15.89
INBK,20-JUL-22,Jun 2022,1.1,0.99,-0.11,-10.0
CSTR,21-JUL-22,Jun 2022,0.47,0.45,-0.02,-4.26
TREE,28-JUL-22,Jun 2022,-0.04,0.58,0.62,1550.0
OSCR,11-AUG-22,Jun 2022,-0.73,-0.53,0.2,27.4
GPMT,08-AUG-22,Jun 2022,0.22,0.22,0.0,0.0
AFCG,09-AUG-22,Jun 2022,0.6,0.69,0.09,15.0
UVE,27-JUL-22,Jun 2022,0.38,0.47,0.09,23.68
WRLD,27-JUL-22,Jun 2022,0.85,1.15,0.3,35.29
UNH,15-JUL-22,Jun 2022,5.24,5.57,0.33,6.3
JNJ,19-JUL-22,Jun 2022,2.57,2.59,0.02,0.78
LLY,04-AUG-22,Jun 2022,1.8,1.25,-0.55,-30.56
PFE,28-JUL-22,Jun 2022,1.75,2.04,0.29,16.57
ABBV,29-JUL-22,Jun 2022,3.31,3.37,0.06,1.81
MRK,28-JUL-22,Jun 2022,1.67,1.87,0.2,11.98
TMO,28-JUL-22,Jun 2022,4.92,5.51,0.59,11.99
ABT,20-JUL-22,Jun 2022,1.09,1.43,0.34,31.19
DHR,21-JUL-22,Jun 2022,2.35,2.76,0.41,17.45
BMY,27-JUL-22,Jun 2022,1.79,1.93,0.14,7.82
AMGN,04-AUG-22,Jun 2022,4.4,4.65,0.25,5.68
CVS,03-AUG-22,Jun 2022,2.16,2.4,0.24,11.11
MDT,23-AUG-22,Jul 2022,1.12,1.13,0.01,0.89
GILD,02-AUG-22,Jun 2022,1.51,1.58,0.07,4.64
CI,04-AUG-22,Jun 2022,5.44,6.22,0.78,14.34
ISRG,21-JUL-22,Jun 2022,1.16,1.14,-0.02,-1.72
VRTX,04-AUG-22,Jun 2022,3.48,3.6,0.12,3.45
REGN,03-AUG-22,Jun 2022,8.53,9.77,1.24,14.54
SYK,26-JUL-22,Jun 2022,2.27,2.25,-0.02,-0.88
HUM,27-JUL-22,Jun 2022,7.67,8.67,1.0,13.04
ZTS,04-AUG-22,Jun 2022,1.22,1.2,-0.02,-1.64
BDX,04-AUG-22,Jun 2022,2.49,2.66,0.17,6.83
BSX,27-JUL-22,Jun 2022,0.42,0.44,0.02,4.76
MRNA,03-AUG-22,Jun 2022,4.5,5.24,0.74,16.44
MCK,03-AUG-22,Jun 2022,5.31,5.83,0.52,9.79
HCA,22-JUL-22,Jun 2022,3.67,4.21,0.54,14.71
CNC,26-JUL-22,Jun 2022,1.73,1.77,0.04,2.31
DXCM,28-JUL-22,Jun 2022,0.17,0.17,0.0,0.0
EW,28-JUL-22,Jun 2022,0.63,0.63,0.0,0.0
A,16-AUG-22,Jul 2022,1.2,1.34,0.14,11.67
BIIB,20-JUL-22,Jun 2022,4.09,5.25,1.16,28.36
IQV,21-JUL-22,Jun 2022,2.39,2.44,0.05,2.09
ILMN,11-AUG-22,Jun 2022,0.63,0.57,-0.06,-9.52
IDXX,02-AUG-22,Jun 2022,1.54,1.56,0.02,1.3
RMD,11-AUG-22,Jun 2022,1.48,1.49,0.01,0.68
MTD,28-JUL-22,Jun 2022,8.73,9.39,0.66,7.56
BAX,28-JUL-22,Jun 2022,0.88,0.87,-0.01,-1.14
VEEV,31-AUG-22,Jul 2022,1.01,1.03,0.02,1.98
ALNY,28-JUL-22,Jun 2022,-1.62,-2.29,-0.67,-41.36
ABC,03-AUG-22,Jun 2022,2.57,2.62,0.05,1.95
ZBH,02-AUG-22,Jun 2022,1.63,1.82,0.19,11.66
LH,28-JUL-22,Jun 2022,4.67,4.96,0.29,6.21
PODD,04-AUG-22,Jun 2022,0.21,-0.06,-0.27,-128.57
CAH,11-AUG-22,Jun 2022,1.17,1.05,-0.12,-10.26
WAT,02-AUG-22,Jun 2022,2.63,2.75,0.12,4.56
MOH,27-JUL-22,Jun 2022,4.34,4.55,0.21,4.84
HOLX,27-JUL-22,Jun 2022,0.69,0.95,0.26,37.68
WST,28-JUL-22,Jun 2022,2.19,2.47,0.28,12.79
SGEN,28-JUL-22,Jun 2022,-0.82,-0.73,0.09,10.98
DGX,21-JUL-22,Jun 2022,2.26,2.36,0.1,4.42
HZNP,03-AUG-22,Jun 2022,1.35,1.07,-0.28,-20.74
PKI,01-AUG-22,Jun 2022,2.03,2.32,0.29,14.29
STE,02-AUG-22,Jun 2022,1.9,1.9,0.0,0.0
ABMD,04-AUG-22,Jun 2022,1.08,1.25,0.17,15.74
RPRX,04-AUG-22,Jun 2022,0.78,0.79,0.01,1.28
BMRN,03-AUG-22,Jun 2022,0.43,0.59,0.16,37.21
ALGN,27-JUL-22,Jun 2022,2.12,2.0,-0.12,-5.66
COO,31-AUG-22,Jul 2022,3.2,3.19,-0.01,-0.31
INCY,02-AUG-22,Jun 2022,0.79,1.01,0.22,27.85
TECH,04-AUG-22,Jun 2022,2.06,2.05,-0.01,-0.49
AVTR,28-JUL-22,Jun 2022,0.38,0.37,-0.01,-2.63
CRL,03-AUG-22,Jun 2022,2.74,2.77,0.03,1.09
UTHR,03-AUG-22,Jun 2022,4.1,2.41,-1.69,-41.22
NBIX,04-AUG-22,Jun 2022,0.56,-0.18,-0.74,-132.14
QGEN,26-JUL-22,Jun 2022,0.45,0.51,0.06,13.33
RGEN,02-AUG-22,Jun 2022,0.72,0.91,0.19,26.39
HSIC,02-AUG-22,Jun 2022,1.12,1.16,0.04,3.57
TFX,28-JUL-22,Jun 2022,3.35,3.39,0.04,1.19
SWAV,08-AUG-22,Jun 2022,0.43,0.68,0.25,58.14
SRPT,02-AUG-22,Jun 2022,-1.07,-2.65,-1.58,-147.66
JAZZ,03-AUG-22,Jun 2022,4.2,4.3,0.1,2.38
BIO,28-JUL-22,Jun 2022,2.46,3.38,0.92,37.4
UHS,25-JUL-22,Jun 2022,2.08,2.2,0.12,5.77
NVCR,28-JUL-22,Jun 2022,-0.14,-0.23,-0.09,-64.29
BRKR,03-AUG-22,Jun 2022,0.45,0.45,0.0,0.0
CTLT,29-AUG-22,Jun 2022,1.15,1.19,0.04,3.48
EXAS,02-AUG-22,Jun 2022,-1.07,-0.94,0.13,12.15
CHE,27-JUL-22,Jun 2022,4.78,4.84,0.06,1.26
ACHC,27-JUL-22,Jun 2022,0.77,0.84,0.07,9.09
HALO,09-AUG-22,Jun 2022,0.5,0.53,0.03,6.0
PEN,04-AUG-22,Jun 2022,-0.07,0.01,0.08,114.29
KRTX,08-AUG-22,Jun 2022,-2.02,-2.17,-0.15,-7.43
IONS,09-AUG-22,Jun 2022,-0.61,-0.74,-0.13,-21.31
INSP,02-AUG-22,Jun 2022,-0.59,-0.53,0.06,10.17
NVST,03-AUG-22,Jun 2022,0.46,0.48,0.02,4.35
MASI,09-AUG-22,Jun 2022,1.19,1.35,0.16,13.45
MEDP,25-JUL-22,Jun 2022,1.34,1.46,0.12,8.96
EHC,01-AUG-22,Jun 2022,0.97,0.89,-0.08,-8.25
ELAN,08-AUG-22,Jun 2022,0.26,0.36,0.1,38.46
HQY,06-SEP-22,Jul 2022,0.34,0.33,-0.01,-2.94
EXEL,09-AUG-22,Jun 2022,0.2,0.22,0.02,10.0
TDOC,27-JUL-22,Jun 2022,-0.71,-0.44,0.27,38.03
LHCG,03-AUG-22,Jun 2022,1.32,0.98,-0.34,-25.76
AMN,04-AUG-22,Jun 2022,2.96,3.31,0.35,11.82
GH,04-AUG-22,Jun 2022,-1.25,-2.25,-1.0,-80.0
GMED,04-AUG-22,Jun 2022,0.54,0.56,0.02,3.7
ENSG,01-AUG-22,Jun 2022,1.01,1.01,0.0,0.0
OPCH,27-JUL-22,Jun 2022,0.22,0.19,-0.03,-13.64
ITCI,09-AUG-22,Jun 2022,-0.79,-0.92,-0.13,-16.46
PRGO,09-AUG-22,Jun 2022,0.44,0.43,-0.01,-2.27
QDEL,04-AUG-22,Jun 2022,3.69,2.12,-1.57,-42.55
THC,21-JUL-22,Jun 2022,0.72,1.5,0.78,108.33
HAE,10-AUG-22,Jun 2022,0.53,0.58,0.05,9.43
APLS,08-AUG-22,Jun 2022,-1.43,-1.46,-0.03,-2.1
NTLA,04-AUG-22,Jun 2022,-1.31,-1.33,-0.02,-1.53
DVA,01-AUG-22,Jun 2022,2.11,2.3,0.19,9.0
LNTH,04-AUG-22,Jun 2022,0.7,0.89,0.19,27.14
PINC,16-AUG-22,Jun 2022,0.6,0.61,0.01,1.67
ALKS,27-JUL-22,Jun 2022,0.04,0.06,0.02,50.0
IART,27-JUL-22,Jun 2022,0.8,0.82,0.02,2.5
NARI,03-AUG-22,Jun 2022,-0.23,-0.19,0.04,17.39
MMSI,27-JUL-22,Jun 2022,0.58,0.73,0.15,25.86
TXG,08-AUG-22,Jun 2022,-0.4,-0.57,-0.17,-42.5
ARWR,04-AUG-22,Jun 2022,-0.45,-0.68,-0.23,-51.11
AGL,04-AUG-22,Jun 2022,-0.02,-0.04,-0.02,-100.0
SYNH,02-AUG-22,Jun 2022,1.2,1.25,0.05,4.17
NTRA,04-AUG-22,Jun 2022,-1.47,-1.5,-0.03,-2.04
ONEM,03-AUG-22,Jun 2022,-0.48,-0.48,0.0,0.0
AXNX,01-AUG-22,Jun 2022,-0.57,-0.47,0.1,17.54
CYTK,04-AUG-22,Jun 2022,-1.04,-0.23,0.81,77.88
ICUI,08-AUG-22,Jun 2022,1.69,1.37,-0.32,-18.93
PCVX,08-AUG-22,Jun 2022,-0.69,-0.8,-0.11,-15.94
STAA,10-AUG-22,Jun 2022,0.25,0.42,0.17,68.0
PGNY,04-AUG-22,Jun 2022,0.02,0.09,0.07,350.0
PBH,04-AUG-22,Jun 2022,1.03,1.09,0.06,5.83
AMED,27-JUL-22,Jun 2022,1.23,1.47,0.24,19.51
IRTC,04-AUG-22,Jun 2022,-0.94,-0.79,0.15,15.96
FOLD,04-AUG-22,Jun 2022,-0.23,-0.21,0.02,8.7
BEAM,09-AUG-22,Jun 2022,-1.08,-1.02,0.06,5.56
MRTX,03-AUG-22,Jun 2022,-3.53,-3.18,0.35,9.92
PTCT,04-AUG-22,Jun 2022,-1.67,-2.13,-0.46,-27.54
ABCL,09-AUG-22,Jun 2022,0.04,-0.02,-0.06,-150.0
DNLI,08-AUG-22,Jun 2022,-0.52,-0.48,0.04,7.69
SEM,04-AUG-22,Jun 2022,0.51,0.43,-0.08,-15.69
OSH,02-AUG-22,Jun 2022,-0.49,-0.66,-0.17,-34.69
LIVN,03-AUG-22,Jun 2022,0.51,0.53,0.02,3.92
BPMC,02-AUG-22,Jun 2022,-2.23,-2.68,-0.45,-20.18
CNMD,27-JUL-22,Jun 2022,0.76,0.76,0.0,0.0
ITGR,28-JUL-22,Jun 2022,1.18,1.04,-0.14,-11.86
TNDM,03-AUG-22,Jun 2022,0.03,-0.24,-0.27,-900.0
RARE,28-JUL-22,Jun 2022,-1.72,-2.26,-0.54,-31.4
PCRX,03-AUG-22,Jun 2022,0.81,0.51,-0.3,-37.04
PDCO,01-SEP-22,Jul 2022,0.38,0.32,-0.06,-15.79
GKOS,03-AUG-22,Jun 2022,-0.44,-0.83,-0.39,-88.64
INSM,04-AUG-22,Jun 2022,-0.89,-0.8,0.09,10.11
BCRX,04-AUG-22,Jun 2022,-0.36,-0.32,0.04,11.11
CORT,03-AUG-22,Jun 2022,0.25,0.24,-0.01,-4.0
MDRX,04-AUG-22,Jun 2022,0.16,0.18,0.02,12.5
OMCL,04-AUG-22,Jun 2022,0.85,0.84,-0.01,-1.18
ISEE,26-JUL-22,Jun 2022,-0.31,-0.41,-0.1,-32.26
PACB,03-AUG-22,Jun 2022,-0.34,-0.34,0.0,0.0
EVH,02-AUG-22,Jun 2022,0.03,0.1,0.07,233.33
NUVA,03-AUG-22,Jun 2022,0.55,0.47,-0.08,-14.55
PRTA,08-AUG-22,Jun 2022,-0.51,-0.88,-0.37,-72.55
ARVN,04-AUG-22,Jun 2022,-1.02,-1.32,-0.3,-29.41
NEOG,26-JUL-22,May 2022,0.16,0.18,0.02,12.5
ATRC,02-AUG-22,Jun 2022,-0.3,-0.32,-0.02,-6.67
SGFY,03-AUG-22,Jun 2022,0.1,0.23,0.13,130.0
TWST,05-AUG-22,Jun 2022,-1.3,-1.08,0.22,16.92
CLDX,08-AUG-22,Jun 2022,-0.43,-0.58,-0.15,-34.88
ACAD,08-AUG-22,Jun 2022,-0.25,-0.21,0.04,16.0
VCYT,02-AUG-22,Jun 2022,-0.21,-0.13,0.08,38.1
SAGE,02-AUG-22,Jun 2022,-2.16,-2.13,0.03,1.39
MYGN,04-AUG-22,Jun 2022,0.02,0.04,0.02,100.0
AGIO,04-AUG-22,Jun 2022,-1.78,-1.68,0.1,5.62
IRWD,04-AUG-22,Jun 2022,0.31,0.21,-0.1,-32.26
XNCR,03-AUG-22,Jun 2022,-0.45,-0.57,-0.12,-26.67
AHCO,09-AUG-22,Jun 2022,0.28,0.18,-0.1,-35.71
KRYS,08-AUG-22,Jun 2022,-1.08,-1.1,-0.02,-1.85
SILK,26-JUL-22,Jun 2022,-0.47,-0.44,0.03,6.38
SUPN,04-AUG-22,Jun 2022,0.3,0.14,-0.16,-53.33
MRVI,04-AUG-22,Jun 2022,0.45,0.54,0.09,20.0
CERE,01-AUG-22,Jun 2022,-0.5,-0.61,-0.11,-22.0
NVAX,08-AUG-22,Jun 2022,5.51,-6.53,-12.04,-218.51
HRMY,02-AUG-22,Jun 2022,0.4,0.57,0.17,42.5
CERT,09-AUG-22,Jun 2022,0.11,0.09,-0.02,-18.18
FATE,03-AUG-22,Jun 2022,-0.86,-0.79,0.07,8.14
OMI,03-AUG-22,Jun 2022,0.76,0.76,0.0,0.0
TMDX,01-AUG-22,Jun 2022,-0.32,-0.41,-0.09,-28.13
AXSM,09-AUG-22,Jun 2022,-1.19,-1.06,0.13,10.92
RLAY,04-AUG-22,Jun 2022,-0.62,-0.71,-0.09,-14.52
CCRN,03-AUG-22,Jun 2022,1.35,1.4,0.05,3.7
NVRO,03-AUG-22,Jun 2022,-0.81,-0.71,0.1,12.35
RVNC,09-AUG-22,Jun 2022,-0.91,-0.88,0.03,3.3
RXDX,11-AUG-22,Jun 2022,-0.92,-0.86,0.06,6.52
CPRX,09-AUG-22,Jun 2022,0.17,0.2,0.03,17.65
ADUS,01-AUG-22,Jun 2022,0.9,0.91,0.01,1.11
DVAX,04-AUG-22,Jun 2022,0.22,0.86,0.64,290.91
FGEN,08-AUG-22,Jun 2022,-0.94,-0.78,0.16,17.02
AKRO,04-AUG-22,Jun 2022,-0.85,-0.77,0.08,9.41
RVMD,09-AUG-22,Jun 2022,-0.87,-0.82,0.05,5.75
SAVA,03-AUG-22,Jun 2022,-0.42,-0.48,-0.06,-14.29
SDGR,04-AUG-22,Jun 2022,-0.61,-0.62,-0.01,-1.64
SNDX,08-AUG-22,Jun 2022,-0.65,-0.62,0.03,4.62
RCUS,03-AUG-22,Jun 2022,-0.93,-0.93,0.0,0.0
MD,04-AUG-22,Jun 2022,0.47,0.47,0.0,0.0
VIVO,05-AUG-22,Jun 2022,0.17,0.17,0.0,0.0
LGND,08-AUG-22,Jun 2022,0.54,0.34,-0.2,-37.04
IOVA,04-AUG-22,Jun 2022,-0.6,-0.63,-0.03,-5.0
IMGN,29-JUL-22,Jun 2022,-0.22,-0.24,-0.02,-9.09
PRVA,11-AUG-22,Jun 2022,-0.02,-0.1,-0.08,-400.0
AVNS,09-AUG-22,Jun 2022,0.39,0.41,0.02,5.13
PHR,07-SEP-22,Jul 2022,-0.99,-0.89,0.1,10.1
ACRS,03-AUG-22,Jun 2022,-0.36,-0.31,0.05,13.89
USPH,04-AUG-22,Jun 2022,0.93,0.9,-0.03,-3.23
KYMR,09-AUG-22,Jun 2022,-0.68,-0.78,-0.1,-14.71
AMPH,08-AUG-22,Jun 2022,0.37,0.39,0.02,5.41
BBIO,04-AUG-22,Jun 2022,-0.92,-0.81,0.11,11.96
REPL,04-AUG-22,Jun 2022,-0.63,-0.78,-0.15,-23.81
RCM,03-AUG-22,Jun 2022,0.04,0.13,0.09,225.0
NEO,09-AUG-22,Jun 2022,-0.22,-0.16,0.06,27.27
ZNTL,09-AUG-22,Jun 2022,-1.21,-1.34,-0.13,-10.74
SGRY,02-AUG-22,Jun 2022,-0.03,-0.03,0.0,0.0
RETA,08-AUG-22,Jun 2022,-1.9,-2.02,-0.12,-6.32
TGTX,08-AUG-22,Jun 2022,-0.49,-0.3,0.19,38.78
ALHC,04-AUG-22,Jun 2022,-0.26,-0.06,0.2,76.92
NXGN,26-JUL-22,Jun 2022,0.15,0.16,0.01,6.67
ADPT,03-AUG-22,Jun 2022,-0.4,-0.37,0.03,7.5
VCEL,03-AUG-22,Jun 2022,-0.13,-0.19,-0.06,-46.15
HIMS,08-AUG-22,Jun 2022,-0.1,-0.1,0.0,0.0
AVXL,09-AUG-22,Jun 2022,-0.15,-0.16,-0.01,-6.67
MNKD,09-AUG-22,Jun 2022,-0.09,-0.11,-0.02,-22.22
KURA,03-AUG-22,Jun 2022,-0.52,-0.52,0.0,0.0
INVA,27-JUL-22,Jun 2022,0.55,0.05,-0.5,-90.91
TMCI,09-AUG-22,Jun 2022,-0.21,-0.23,-0.02,-9.52
CDMO,06-SEP-22,Jul 2022,0.03,0.04,0.01,33.33
INBX,08-AUG-22,Jun 2022,-0.84,-0.97,-0.13,-15.48
MLAB,04-AUG-22,Jun 2022,1.95,1.17,-0.78,-40.0
ALLO,09-AUG-22,Jun 2022,-0.61,-0.52,0.09,14.75
BLFS,09-AUG-22,Jun 2022,-0.2,-1.71,-1.51,-755.0
EDIT,03-AUG-22,Jun 2022,-0.84,-0.78,0.06,7.14
ADMA,10-AUG-22,Jun 2022,-0.09,-0.07,0.02,22.22
CRNX,12-AUG-22,Jun 2022,-0.62,-0.81,-0.19,-30.65
BKD,08-AUG-22,Jun 2022,-0.41,-0.45,-0.04,-9.76
RNA,09-AUG-22,Jun 2022,-0.74,-0.92,-0.18,-24.32
ARQT,04-AUG-22,Jun 2022,-1.38,-1.31,0.07,5.07
GERN,11-AUG-22,Jun 2022,-0.09,-0.07,0.02,22.22
ANAB,08-AUG-22,Jun 2022,-0.95,-1.15,-0.2,-21.05
OM,01-AUG-22,Jun 2022,-0.63,-0.77,-0.14,-22.22
VREX,02-AUG-22,Jun 2022,0.21,0.2,-0.01,-4.76
ENTA,08-AUG-22,Jun 2022,-1.36,-1.53,-0.17,-12.5
LMAT,28-JUL-22,Jun 2022,0.32,0.29,-0.03,-9.38
AMWL,04-AUG-22,Jun 2022,-0.25,-0.25,0.0,0.0
SRNE,15-AUG-22,Jun 2022,-0.23,-0.31,-0.08,-34.78
RGNX,03-AUG-22,Jun 2022,-1.44,-1.58,-0.14,-9.72
CYRX,04-AUG-22,Jun 2022,-0.15,-0.17,-0.02,-13.33
AUPH,04-AUG-22,Jun 2022,-0.22,-0.25,-0.03,-13.64
KROS,04-AUG-22,Jun 2022,-1.07,-1.13,-0.06,-5.61
FLGT,04-AUG-22,Jun 2022,0.73,0.78,0.05,6.85
ANIK,03-AUG-22,Jun 2022,-0.26,-0.2,0.06,23.08
MDGL,04-AUG-22,Jun 2022,-3.76,-4.14,-0.38,-10.11
COGT,09-AUG-22,Jun 2022,-0.64,-0.71,-0.07,-10.94
NNOX,16-AUG-22,Jun 2022,-0.23,-0.38,-0.15,-65.22
AERI,04-AUG-22,Jun 2022,-0.52,-0.32,0.2,38.46
VRAY,02-AUG-22,Jun 2022,-0.15,-0.15,0.0,0.0
SHC,04-AUG-22,Jun 2022,0.24,0.27,0.03,12.5
HSKA,08-AUG-22,Jun 2022,0.37,0.34,-0.03,-8.11
COLL,04-AUG-22,Jun 2022,1.31,0.13,-1.18,-90.08
HSTM,25-JUL-22,Jun 2022,0.05,0.1,0.05,100.0
EBS,01-AUG-22,Jun 2022,0.63,-0.86,-1.49,-236.51
SLP,06-JUL-22,May 2022,0.17,0.2,0.03,17.65
CUTR,04-AUG-22,Jun 2022,-0.22,-0.24,-0.02,-9.09
ACET,10-AUG-22,Jun 2022,-0.45,-0.56,-0.11,-24.44
BNGO,04-AUG-22,Jun 2022,-0.1,-0.11,-0.01,-10.0
CTIC,08-AUG-22,Jun 2022,-0.2,-0.21,-0.01,-5.0
NKTR,04-AUG-22,Jun 2022,-1.01,-0.85,0.16,15.84
MORF,03-AUG-22,Jun 2022,-0.81,0.68,1.49,183.95
TBPH,04-AUG-22,Jun 2022,-0.06,-0.04,0.02,33.33
RCKT,08-AUG-22,Jun 2022,-0.68,-0.83,-0.15,-22.06
KNSA,03-AUG-22,Jun 2022,-0.43,-0.29,0.14,32.56
ARCT,09-AUG-22,Jun 2022,-1.84,-0.82,1.02,55.43
SWTX,04-AUG-22,Jun 2022,-1.26,-1.41,-0.15,-11.9
CDNA,04-AUG-22,Jun 2022,-0.08,-0.13,-0.05,-62.5
TARS,11-AUG-22,Jun 2022,-0.65,-0.24,0.41,63.08
STRO,08-AUG-22,Jun 2022,-0.74,-0.55,0.19,25.68
NVTA,09-AUG-22,Jun 2022,-0.74,-0.68,0.06,8.11
DCPH,04-AUG-22,Jun 2022,-0.65,-0.6,0.05,7.69
IDYA,15-AUG-22,Jun 2022,-0.57,-0.57,0.0,0.0
OPK,04-AUG-22,Jun 2022,-0.02,-0.04,-0.02,-100.0
VNDA,03-AUG-22,Jun 2022,0.11,0.05,-0.06,-54.55
HLTH,10-AUG-22,Jun 2022,-0.5,-0.37,0.13,26.0
RDNT,09-AUG-22,Jun 2022,0.05,0.15,0.1,200.0
MRSN,08-AUG-22,Jun 2022,-0.5,-0.55,-0.05,-10.0
CERS,04-AUG-22,Jun 2022,-0.06,-0.05,0.01,16.67
SEER,09-AUG-22,Jun 2022,-0.39,-0.37,0.02,5.13
BHVN,05-AUG-22,Jun 2022,-2.79,-6.21,-3.42,-122.58
AGEN,09-AUG-22,Jun 2022,-0.23,-0.17,0.06,26.09
PAHC,24-AUG-22,Jun 2022,0.4,0.36,-0.04,-10.0
INO,09-AUG-22,Jun 2022,-0.3,-0.46,-0.16,-53.33
EGRX,09-AUG-22,Jun 2022,3.13,1.56,-1.57,-50.16
ANGO,12-JUL-22,May 2022,0.01,0.01,0.0,0.0
CSII,02-AUG-22,Jun 2022,-0.22,-0.25,-0.03,-13.64
AXGN,03-AUG-22,Jun 2022,-0.15,-0.06,0.09,60.0
QTRX,08-AUG-22,Jun 2022,-0.67,-0.67,0.0,0.0
OFIX,05-AUG-22,Jun 2022,0.07,0.08,0.01,14.29
ATEC,04-AUG-22,Jun 2022,-0.35,-0.36,-0.01,-2.86
GOSS,09-AUG-22,Jun 2022,-0.67,-0.74,-0.07,-10.45
ACCD,30-JUN-22,May 2022,-0.73,-0.4,0.33,45.21
PTGX,04-AUG-22,Jun 2022,-0.99,-0.84,0.15,15.15
ITOS,10-AUG-22,Jun 2022,1.2,0.15,-1.05,-87.5
GBIO,04-AUG-22,Jun 2022,-0.63,-0.66,-0.03,-4.76
ESPR,02-AUG-22,Jun 2022,-0.95,-1.05,-0.1,-10.53
MCRB,03-AUG-22,Jun 2022,-0.58,-0.7,-0.12,-20.69
BTAI,09-AUG-22,Jun 2022,-1.2,-1.35,-0.15,-12.5
FULC,11-AUG-22,Jun 2022,-0.66,-0.83,-0.17,-25.76
ALBO,15-AUG-22,Jun 2022,-1.58,-2.04,-0.46,-29.11
SPNE,02-AUG-22,Jun 2022,-0.35,-0.38,-0.03,-8.57
SGMO,04-AUG-22,Jun 2022,-0.35,-0.29,0.06,17.14
ALEC,04-AUG-22,Jun 2022,-0.39,0.12,0.51,130.77
CYH,27-JUL-22,Jun 2022,-0.01,-2.52,-2.51,-25100.0
IMVT,05-AUG-22,Jun 2022,-0.4,-0.35,0.05,12.5
AMRX,05-AUG-22,Jun 2022,0.2,0.19,-0.01,-5.0
CHRS,04-AUG-22,Jun 2022,-0.96,-0.65,0.31,32.29
ICPT,03-AUG-22,Jun 2022,-0.53,-0.68,-0.15,-28.3
CARA,08-AUG-22,Jun 2022,-0.28,-0.08,0.2,71.43
KPTI,04-AUG-22,Jun 2022,-0.63,-0.62,0.01,1.59
SRDX,27-JUL-22,Jun 2022,-0.39,-0.34,0.05,12.82
ATRA,08-AUG-22,Jun 2022,-0.91,-0.31,0.6,65.93
SENS,09-AUG-22,Jun 2022,-0.04,-0.03,0.01,25.0
PRVB,04-AUG-22,Jun 2022,-0.49,-0.46,0.03,6.12
BLUE,04-AUG-22,Jun 2022,-1.31,-1.29,0.02,1.53
ABUS,04-AUG-22,Jun 2022,-0.13,-0.1,0.03,23.08
MIRM,04-AUG-22,Jun 2022,-1.05,-0.84,0.21,20.0
KIDS,03-AUG-22,Jun 2022,-0.15,-0.17,-0.02,-13.33
RAPT,11-AUG-22,Jun 2022,-0.75,-0.62,0.13,17.33
SANA,04-AUG-22,Jun 2022,-0.46,-0.47,-0.01,-2.17
KALV,08-SEP-22,Jul 2022,-1.02,-0.94,0.08,7.84
CPSI,02-AUG-22,Jun 2022,0.68,0.59,-0.09,-13.24
ANIP,08-AUG-22,Jun 2022,0.12,0.13,0.01,8.33
NGM,04-AUG-22,Jun 2022,-0.55,-0.59,-0.04,-7.27
FDMT,11-AUG-22,Jun 2022,-0.78,-0.87,-0.09,-11.54
ALXO,08-AUG-22,Jun 2022,-0.66,-0.67,-0.01,-1.52
CSTL,08-AUG-22,Jun 2022,-0.58,-0.06,0.52,89.66
AGTI,09-AUG-22,Jun 2022,0.2,0.19,-0.01,-5.0
CDXS,04-AUG-22,Jun 2022,-0.14,-0.04,0.1,71.43
HCAT,04-AUG-22,Jun 2022,-0.11,-0.03,0.08,72.73
PGEN,08-AUG-22,Jun 2022,-0.16,-0.13,0.03,18.75
MDXG,02-AUG-22,Jun 2022,-0.06,-0.11,-0.05,-83.33
MGNX,08-AUG-22,Jun 2022,-0.97,-0.67,0.3,30.93
LQDA,11-AUG-22,Jun 2022,-0.24,-0.15,0.09,37.5
KNTE,11-AUG-22,Jun 2022,-0.65,-0.62,0.03,4.62
PNTG,08-AUG-22,Jun 2022,0.14,0.14,0.0,0.0
CGEM,10-AUG-22,Jun 2022,5.47,-2.2,-7.67,-140.22
SIBN,08-AUG-22,Jun 2022,-0.49,-0.54,-0.05,-10.2
KOD,09-AUG-22,Jun 2022,-1.77,-1.74,0.03,1.69
INGN,04-AUG-22,Jun 2022,-0.4,-0.02,0.38,95.0
DYN,04-AUG-22,Jun 2022,-0.79,-1.01,-0.22,-27.85
OCGN,05-AUG-22,Jun 2022,-0.08,-0.09,-0.01,-12.5
XERS,10-AUG-22,Jun 2022,-0.23,-0.19,0.04,17.39
CCCC,04-AUG-22,Jun 2022,-0.68,-0.56,0.12,17.65
AVIR,08-AUG-22,Jun 2022,-0.52,-0.38,0.14,26.92
NKTX,11-AUG-22,Jun 2022,-0.59,-0.48,0.11,18.64
NUVB,04-AUG-22,Jun 2022,-0.13,-0.16,-0.03,-23.08
NSTG,04-AUG-22,Jun 2022,-0.62,-0.85,-0.23,-37.1
HRTX,09-AUG-22,Jun 2022,-0.5,-0.55,-0.05,-10.0
PMVP,09-AUG-22,Jun 2022,-0.41,-0.38,0.03,7.32
EOLS,02-AUG-22,Jun 2022,-0.24,-0.38,-0.14,-58.33
STOK,08-AUG-22,Jun 2022,-0.7,-0.63,0.07,10.0
RLMD,11-AUG-22,Jun 2022,-1.3,-1.33,-0.03,-2.31
VXRT,08-AUG-22,Jun 2022,-0.21,-0.23,-0.02,-9.52
EIGR,04-AUG-22,Jun 2022,-0.71,-0.51,0.2,28.17
OCUL,08-AUG-22,Jun 2022,-0.23,-0.28,-0.05,-21.74
TCDA,08-AUG-22,Jun 2022,-0.52,-0.49,0.03,5.77
TIL,12-AUG-22,Jun 2022,-0.4,-0.4,0.0,0.0
LUNG,02-AUG-22,Jun 2022,-0.41,-0.4,0.01,2.44
YMAB,08-AUG-22,Jun 2022,-0.68,-0.94,-0.26,-38.24
RTX,26-JUL-22,Jun 2022,1.12,1.16,0.04,3.57
HON,28-JUL-22,Jun 2022,2.03,2.1,0.07,3.45
UNP,21-JUL-22,Jun 2022,2.82,2.93,0.11,3.9
UPS,26-JUL-22,Jun 2022,3.14,3.29,0.15,4.78
CAT,02-AUG-22,Jun 2022,3.0,3.18,0.18,6.0
LMT,19-JUL-22,Jun 2022,1.74,1.99,0.25,14.37
DE,19-AUG-22,Jul 2022,6.64,6.16,-0.48,-7.23
BA,27-JUL-22,Jun 2022,-0.08,-0.37,-0.29,-362.5
GE,26-JUL-22,Jun 2022,0.38,0.78,0.4,105.26
NOC,28-JUL-22,Jun 2022,6.03,6.06,0.03,0.5
MMM,26-JUL-22,Jun 2022,2.41,2.48,0.07,2.9
ITW,02-AUG-22,Jun 2022,2.21,2.37,0.16,7.24
WM,27-JUL-22,Jun 2022,1.36,1.44,0.08,5.88
CSX,20-JUL-22,Jun 2022,0.47,0.5,0.03,6.38
ETN,02-AUG-22,Jun 2022,1.82,1.87,0.05,2.75
GD,27-JUL-22,Jun 2022,2.72,2.75,0.03,1.1
NSC,27-JUL-22,Jun 2022,3.44,3.45,0.01,0.29
EMR,09-AUG-22,Jun 2022,1.29,1.38,0.09,6.98
UBER,02-AUG-22,Jun 2022,-0.25,-1.33,-1.08,-432.0
JCI,04-AUG-22,Jun 2022,0.84,0.85,0.01,1.19
LHX,28-JUL-22,Jun 2022,3.16,3.23,0.07,2.22
TT,03-AUG-22,Jun 2022,2.1,2.16,0.06,2.86
FDX,23-JUN-22,May 2022,6.91,6.87,-0.04,-0.58
PH,04-AUG-22,Jun 2022,4.67,5.16,0.49,10.49
CTAS,14-JUL-22,May 2022,2.68,2.81,0.13,4.85
CARR,28-JUL-22,Jun 2022,0.62,0.69,0.07,11.29
PCAR,26-JUL-22,Jun 2022,1.81,2.07,0.26,14.36
CMI,02-AUG-22,Jun 2022,4.37,4.77,0.4,9.15
CSGP,26-JUL-22,Jun 2022,0.21,0.28,0.07,33.33
TDG,09-AUG-22,Jun 2022,4.46,4.85,0.39,8.74
AME,02-AUG-22,Jun 2022,1.29,1.38,0.09,6.98
OTIS,27-JUL-22,Jun 2022,0.78,0.86,0.08,10.26
ODFL,27-JUL-22,Jun 2022,3.1,3.3,0.2,6.45
ROK,27-JUL-22,Jun 2022,2.31,2.66,0.35,15.15
FAST,13-JUL-22,Jun 2022,0.5,0.5,0.0,0.0
VRSK,02-AUG-22,Jun 2022,1.42,1.53,0.11,7.75
GWW,29-JUL-22,Jun 2022,6.72,7.19,0.47,6.99
RSG,04-AUG-22,Jun 2022,1.18,1.32,0.14,11.86
CPRT,07-SEP-22,Jul 2022,0.54,0.57,0.03,5.56
URI,27-JUL-22,Jun 2022,6.57,7.86,1.29,19.63
FTV,28-JUL-22,Jun 2022,0.72,0.78,0.06,8.33
LUV,28-JUL-22,Jun 2022,1.17,1.3,0.13,11.11
EFX,20-JUL-22,Jun 2022,2.03,2.09,0.06,2.96
DAL,13-JUL-22,Jun 2022,1.71,1.44,-0.27,-15.79
IR,03-AUG-22,Jun 2022,0.51,0.54,0.03,5.88
PWR,04-AUG-22,Jun 2022,1.51,1.54,0.03,1.99
XYL,02-AUG-22,Jun 2022,0.55,0.66,0.11,20.0
DOV,21-JUL-22,Jun 2022,2.08,2.14,0.06,2.88
WAB,05-AUG-22,Jun 2022,1.22,1.23,0.01,0.82
EXPD,02-AUG-22,Jun 2022,2.09,2.27,0.18,8.61
IEX,26-JUL-22,Jun 2022,1.9,2.02,0.12,6.32
J,01-AUG-22,Jun 2022,1.83,1.86,0.03,1.64
TXT,28-JUL-22,Jun 2022,0.88,1.0,0.12,13.64
JBHT,19-JUL-22,Jun 2022,2.31,2.42,0.11,4.76
HWM,04-AUG-22,Jun 2022,0.33,0.35,0.02,6.06
UAL,20-JUL-22,Jun 2022,1.86,1.43,-0.43,-23.12
LDOS,02-AUG-22,Jun 2022,1.55,1.59,0.04,2.58
BAH,29-JUL-22,Jun 2022,1.06,1.13,0.07,6.6
NDSN,22-AUG-22,Jul 2022,2.45,2.49,0.04,1.63
HUBB,26-JUL-22,Jun 2022,2.41,2.81,0.4,16.6
AXON,09-AUG-22,Jun 2022,0.38,0.44,0.06,15.79
CSL,27-JUL-22,Jun 2022,4.99,6.15,1.16,23.25
SNA,21-JUL-22,Jun 2022,3.91,4.27,0.36,9.21
SWK,28-JUL-22,Jun 2022,2.12,1.77,-0.35,-16.51
TTC,01-SEP-22,Jul 2022,1.13,1.19,0.06,5.31
TRU,26-JUL-22,Jun 2022,0.98,0.98,0.0,0.0
GGG,27-JUL-22,Jun 2022,0.67,0.68,0.01,1.49
CHRW,27-JUL-22,Jun 2022,1.93,2.67,0.74,38.34
MAS,28-JUL-22,Jun 2022,1.19,1.14,-0.05,-4.2
WSC,03-AUG-22,Jun 2022,0.29,0.32,0.03,10.34
ACM,08-AUG-22,Jun 2022,0.83,0.86,0.03,3.61
BLDR,01-AUG-22,Jun 2022,3.0,6.26,3.26,108.67
ALLE,28-JUL-22,Jun 2022,1.33,1.37,0.04,3.01
AAL,21-JUL-22,Jun 2022,0.79,0.76,-0.03,-3.8
ROL,27-JUL-22,Jun 2022,0.2,0.2,0.0,0.0
HII,04-AUG-22,Jun 2022,3.43,4.44,1.01,29.45
WSO,26-JUL-22,Jun 2022,5.02,4.93,-0.09,-1.79
PLUG,09-AUG-22,Jun 2022,-0.21,-0.3,-0.09,-42.86
OC,27-JUL-22,Jun 2022,3.32,3.83,0.51,15.36
TTEK,03-AUG-22,Jun 2022,1.05,1.08,0.03,2.86
FBHS,27-JUL-22,Jun 2022,1.58,1.67,0.09,5.7
RHI,21-JUL-22,Jun 2022,1.59,1.6,0.01,0.63
LII,28-JUL-22,Jun 2022,4.79,5.0,0.21,4.38
KNX,20-JUL-22,Jun 2022,1.35,1.41,0.06,4.44
LECO,28-JUL-22,Jun 2022,1.99,2.18,0.19,9.55
AGCO,28-JUL-22,Jun 2022,2.18,2.38,0.2,9.17
EME,28-JUL-22,Jun 2022,1.68,1.99,0.31,18.45
PNR,26-JUL-22,Jun 2022,1.0,1.02,0.02,2.0
AOS,28-JUL-22,Jun 2022,0.81,0.82,0.01,1.23
MIDD,04-AUG-22,Jun 2022,2.16,2.23,0.07,3.24
DCI,31-AUG-22,Jul 2022,0.84,0.84,0.0,0.0
HEI,29-AUG-22,Jul 2022,0.65,0.6,-0.05,-7.69
ITT,04-AUG-22,Jun 2022,0.96,0.98,0.02,2.08
KBR,02-AUG-22,Jun 2022,0.64,0.76,0.12,18.75
CACI,10-AUG-22,Jun 2022,4.53,4.54,0.01,0.22
GNRC,03-AUG-22,Jun 2022,2.65,2.99,0.34,12.83
CAR,01-AUG-22,Jun 2022,12.22,15.94,3.72,30.44
VMI,20-JUL-22,Jun 2022,3.29,3.7,0.41,12.46
ST,26-JUL-22,Jun 2022,0.83,0.83,0.0,0.0
NVT,29-JUL-22,Jun 2022,0.54,0.57,0.03,5.56
CW,03-AUG-22,Jun 2022,1.68,1.83,0.15,8.93
SAIA,27-JUL-22,Jun 2022,3.49,4.1,0.61,17.48
AYI,30-JUN-22,May 2022,2.98,3.52,0.54,18.12
RUN,03-AUG-22,Jun 2022,-0.2,-0.06,0.14,70.0
WWD,01-AUG-22,Jun 2022,0.91,0.64,-0.27,-29.67
SAIC,01-SEP-22,Jul 2022,1.68,1.75,0.07,4.17
OSK,28-JUL-22,Jun 2022,0.93,0.41,-0.52,-55.91
CLH,03-AUG-22,Jun 2022,1.53,2.44,0.91,59.48
MDU,04-AUG-22,Jun 2022,0.49,0.35,-0.14,-28.57
BWXT,08-AUG-22,Jun 2022,0.73,0.82,0.09,12.33
LSTR,20-JUL-22,Jun 2022,3.25,3.05,-0.2,-6.15
ALK,21-JUL-22,Jun 2022,1.94,2.19,0.25,12.89
WMS,04-AUG-22,Jun 2022,1.09,2.22,1.13,103.67
SITE,03-AUG-22,Jun 2022,3.0,3.07,0.07,2.33
WCC,04-AUG-22,Jun 2022,3.88,4.19,0.31,7.99
TREX,08-AUG-22,Jun 2022,0.68,0.79,0.11,16.18
FCN,28-JUL-22,Jun 2022,1.67,1.43,-0.24,-14.37
MTZ,04-AUG-22,Jun 2022,0.73,0.73,0.0,0.0
IAA,09-AUG-22,Jun 2022,0.55,0.62,0.07,12.73
EXPO,28-JUL-22,Jun 2022,0.45,0.49,0.04,8.89
UNVR,01-AUG-22,Jun 2022,0.9,1.0,0.1,11.11
GTLS,29-JUL-22,Jun 2022,0.81,0.88,0.07,8.64
MSA,27-JUL-22,Jun 2022,1.29,1.29,0.0,0.0
FLR,05-AUG-22,Jun 2022,0.31,0.13,-0.18,-58.06
CR,25-JUL-22,Jun 2022,1.81,1.9,0.09,4.97
HXL,25-JUL-22,Jun 2022,0.3,0.33,0.03,10.0
VRT,03-AUG-22,Jun 2022,0.1,0.1,0.0,0.0
UFPI,21-JUL-22,Jun 2022,2.25,3.23,0.98,43.56
AIT,11-AUG-22,Jun 2022,1.68,2.02,0.34,20.24
CLVT,09-AUG-22,Jun 2022,0.21,0.22,0.01,4.76
SRCL,05-AUG-22,Jun 2022,0.43,0.48,0.05,11.63
TKR,28-JUL-22,Jun 2022,1.35,1.67,0.32,23.7
ASGN,27-JUL-22,Jun 2022,1.67,1.71,0.04,2.4
AQUA,02-AUG-22,Jun 2022,0.23,0.24,0.01,4.35
R,27-JUL-22,Jun 2022,4.1,4.43,0.33,8.05
MAN,19-JUL-22,Jun 2022,2.31,2.33,0.02,0.87
FLS,27-JUL-22,Jun 2022,0.26,0.3,0.04,15.38
FIX,27-JUL-22,Jun 2022,1.03,1.17,0.14,13.59
NSP,01-AUG-22,Jun 2022,0.99,1.16,0.17,17.17
CWST,28-JUL-22,Jun 2022,0.29,0.36,0.07,24.14
TRTN,28-JUL-22,Jun 2022,2.63,2.92,0.29,11.03
SSD,25-JUL-22,Jun 2022,2.18,2.16,-0.02,-0.92
KEX,28-JUL-22,Jun 2022,0.48,0.49,0.01,2.08
WTS,03-AUG-22,Jun 2022,1.63,2.11,0.48,29.45
XPO,04-AUG-22,Jun 2022,1.5,1.81,0.31,20.67
MSM,29-JUN-22,May 2022,1.75,1.82,0.07,4.0
ALSN,03-AUG-22,Jun 2022,1.35,1.26,-0.09,-6.67
AL,04-AUG-22,Jun 2022,0.79,0.95,0.16,20.25
AIMC,28-JUL-22,Jun 2022,0.83,0.84,0.01,1.2
AJRD,01-AUG-22,Jun 2022,0.47,0.2,-0.27,-57.45
FELE,26-JUL-22,Jun 2022,1.03,1.26,0.23,22.33
GATX,21-JUL-22,Jun 2022,1.24,1.07,-0.17,-13.71
BE,09-AUG-22,Jun 2022,-0.2,-0.2,0.0,0.0
APG,04-AUG-22,Jun 2022,0.36,0.37,0.01,2.78
AWI,26-JUL-22,Jun 2022,1.38,1.29,-0.09,-6.52
HTZ,28-JUL-22,Jun 2022,1.13,1.22,0.09,7.96
LYFT,04-AUG-22,Jun 2022,-0.05,0.12,0.17,340.0
DNB,04-AUG-22,Jun 2022,0.26,0.25,-0.01,-3.85
SPXC,04-AUG-22,Jun 2022,0.61,0.71,0.1,16.39
ENS,10-AUG-22,Jun 2022,1.15,1.15,0.0,0.0
HI,03-AUG-22,Jun 2022,0.86,0.92,0.06,6.98
CHPT,30-AUG-22,Jul 2022,-0.2,-0.19,0.01,5.0
FSS,27-JUL-22,Jun 2022,0.47,0.53,0.06,12.77
ARRY,09-AUG-22,Jun 2022,0.04,0.09,0.05,125.0
HRI,21-JUL-22,Jun 2022,2.58,2.47,-0.11,-4.26
BCO,03-AUG-22,Jun 2022,1.16,1.29,0.13,11.21
BECN,04-AUG-22,Jun 2022,2.36,2.41,0.05,2.12
AAON,08-AUG-22,Jun 2022,0.42,0.3,-0.12,-28.57
FWRD,27-JUL-22,Jun 2022,2.02,2.04,0.02,0.99
SPR,03-AUG-22,Jun 2022,-0.23,-1.21,-0.98,-426.09
AIN,25-JUL-22,Jun 2022,0.79,1.06,0.27,34.18
JBT,27-JUL-22,Jun 2022,1.18,1.13,-0.05,-4.24
KFY,07-SEP-22,Jul 2022,1.53,1.5,-0.03,-1.96
ABM,09-SEP-22,Jul 2022,0.91,0.94,0.03,3.3
UNF,29-JUN-22,May 2022,1.93,1.77,-0.16,-8.29
AAWW,04-AUG-22,Jun 2022,3.3,3.36,0.06,1.82
MRCY,02-AUG-22,Jun 2022,1.01,0.81,-0.2,-19.8
MATX,01-AUG-22,Jun 2022,9.38,9.49,0.11,1.17
TEX,02-AUG-22,Jun 2022,0.87,1.07,0.2,22.99
DY,24-AUG-22,Jul 2022,0.99,1.46,0.47,47.47
HUBG,03-AUG-22,Jun 2022,2.53,3.03,0.5,19.76
WIRE,25-JUL-22,Jun 2022,4.15,10.71,6.56,158.07
ACA,03-AUG-22,Jun 2022,0.46,0.83,0.37,80.43
TNET,26-JUL-22,Jun 2022,1.17,1.72,0.55,47.01
BCC,01-AUG-22,Jun 2022,4.64,5.49,0.85,18.32
CBZ,28-JUL-22,Jun 2022,0.52,0.63,0.11,21.15
WERN,03-AUG-22,Jun 2022,1.02,0.87,-0.15,-14.71
JBLU,02-AUG-22,Jun 2022,-0.11,-0.47,-0.36,-327.27
SHLS,15-AUG-22,Jun 2022,0.07,0.07,0.0,0.0
REZI,04-AUG-22,Jun 2022,0.57,0.63,0.06,10.53
NPO,02-AUG-22,Jun 2022,1.81,2.32,0.51,28.18
CPA,03-AUG-22,Jun 2022,0.27,0.32,0.05,18.52
BRC,01-SEP-22,Jul 2022,0.81,0.87,0.06,7.41
MGRC,28-JUL-22,Jun 2022,0.79,1.07,0.28,35.44
TRN,27-JUL-22,Jun 2022,0.14,0.14,0.0,0.0
SAVE,09-AUG-22,Jun 2022,-0.34,-0.3,0.04,11.76
STEM,04-AUG-22,Jun 2022,-0.18,-0.21,-0.03,-16.67
GMS,01-SEP-22,Jul 2022,2.27,2.43,0.16,7.05
KMT,01-AUG-22,Jun 2022,0.47,0.53,0.06,12.77
NVEE,04-AUG-22,Jun 2022,1.35,1.49,0.14,10.37
AVAV,07-SEP-22,Jul 2022,0.09,-0.1,-0.19,-211.11
AZEK,04-AUG-22,Jun 2022,0.27,0.29,0.02,7.41
ICFI,03-AUG-22,Jun 2022,1.3,1.33,0.03,2.31
KAI,02-AUG-22,Jun 2022,1.97,2.24,0.27,13.71
LNN,30-JUN-22,May 2022,1.57,2.28,0.71,45.22
RUSHA,26-JUL-22,Jun 2022,1.44,1.75,0.31,21.53
MWA,04-AUG-22,Jun 2022,0.2,0.19,-0.01,-5.0
ARCB,29-JUL-22,Jun 2022,3.91,4.3,0.39,9.97
AMRC,01-AUG-22,Jun 2022,0.45,0.62,0.17,37.78
B,29-JUL-22,Jun 2022,0.48,0.56,0.08,16.67
DOOR,08-AUG-22,Jun 2022,2.43,2.58,0.15,6.17
MAXR,09-AUG-22,Jun 2022,0.08,0.16,0.08,100.0
MYRG,27-JUL-22,Jun 2022,1.1,1.15,0.05,4.55
SPWR,02-AUG-22,Jun 2022,0.05,0.03,-0.02,-40.0
ATSG,04-AUG-22,Jun 2022,0.51,0.59,0.08,15.69
GVA,28-JUL-22,Jun 2022,0.51,0.38,-0.13,-25.49
HLIO,08-AUG-22,Jun 2022,1.18,1.18,0.0,0.0
HURN,28-JUL-22,Jun 2022,0.77,0.83,0.06,7.79
CSWI,05-AUG-22,Jun 2022,1.37,1.88,0.51,37.23
AIR,21-JUL-22,May 2022,0.68,0.72,0.04,5.88
VRTV,09-AUG-22,Jun 2022,4.5,6.12,1.62,36.0
EPAC,28-JUN-22,May 2022,0.29,0.16,-0.13,-44.83
ROCK,03-AUG-22,Jun 2022,0.83,0.96,0.13,15.66
DRVN,27-JUL-22,Jun 2022,0.29,0.35,0.06,20.69
UPWK,27-JUL-22,Jun 2022,-0.1,-0.04,0.06,60.0
WNC,27-JUL-22,Jun 2022,0.47,0.46,-0.01,-2.13
PSN,03-AUG-22,Jun 2022,0.41,0.41,0.0,0.0
KAR,02-AUG-22,Jun 2022,0.08,-0.04,-0.12,-150.0
GFF,28-JUL-22,Jun 2022,0.91,1.23,0.32,35.16
ALG,03-AUG-22,Jun 2022,2.06,2.39,0.33,16.02
KTOS,04-AUG-22,Jun 2022,0.03,0.07,0.04,133.33
TGH,02-AUG-22,Jun 2022,1.46,1.63,0.17,11.64
FCEL,08-SEP-22,Jul 2022,-0.06,-0.08,-0.02,-33.33
DNOW,03-AUG-22,Jun 2022,0.17,0.26,0.09,52.94
SPCE,04-AUG-22,Jun 2022,-0.38,-0.43,-0.05,-13.16
PRIM,08-AUG-22,Jun 2022,0.59,0.48,-0.11,-18.64
SNDR,28-JUL-22,Jun 2022,0.68,0.72,0.04,5.88
CXW,02-AUG-22,Jun 2022,0.36,0.13,-0.23,-63.89
HEES,28-JUL-22,Jun 2022,0.64,0.76,0.12,18.75
PGTI,26-JUL-22,Jun 2022,0.45,0.67,0.22,48.89
APOG,23-JUN-22,May 2022,0.43,1.0,0.57,132.56
SXI,04-AUG-22,Jun 2022,1.47,1.54,0.07,4.76
GBX,11-JUL-22,May 2022,0.67,0.09,-0.58,-86.57
CRAI,04-AUG-22,Jun 2022,1.26,1.58,0.32,25.4
HCSG,20-JUL-22,Jun 2022,0.12,0.09,-0.03,-25.0
GTES,05-AUG-22,Jun 2022,0.26,0.32,0.06,23.08
KFRC,01-AUG-22,Jun 2022,1.19,1.3,0.11,9.24
ALGT,03-AUG-22,Jun 2022,0.62,0.62,0.0,0.0
MRTN,18-JUL-22,Jun 2022,0.32,0.39,0.07,21.88
GEO,02-AUG-22,Jun 2022,0.58,0.37,-0.21,-36.21
ACVA,10-AUG-22,Jun 2022,-0.19,-0.1,0.09,47.37
AZZ,11-JUL-22,May 2022,1.03,1.4,0.37,35.92
MEG,08-AUG-22,Jun 2022,-0.12,0.03,0.15,125.0
ROAD,05-AUG-22,Jun 2022,0.11,0.23,0.12,109.09
EAF,05-AUG-22,Jun 2022,0.42,0.44,0.02,4.76
MRC,08-AUG-22,Jun 2022,0.29,0.27,-0.02,-6.9
ASTE,02-AUG-22,Jun 2022,0.5,0.19,-0.31,-62.0
SKYW,28-JUL-22,Jun 2022,0.48,1.07,0.59,122.92
AMWD,30-AUG-22,Jul 2022,1.31,1.71,0.4,30.53
PL,12-SEP-22,Jul 2022,-0.18,-0.15,0.03,16.67
LZ,11-AUG-22,Jun 2022,0.01,0.05,0.04,400.0
JELD,01-AUG-22,Jun 2022,0.69,0.57,-0.12,-17.39
STRL,01-AUG-22,Jun 2022,0.74,0.86,0.12,16.22
NKLA,04-AUG-22,Jun 2022,-0.27,-0.25,0.02,7.41
FC,29-JUN-22,May 2022,0.18,0.26,0.08,44.44
NX,01-SEP-22,Jul 2022,0.62,0.79,0.17,27.42
MATW,28-JUL-22,Jun 2022,0.53,0.58,0.05,9.43
PLOW,01-AUG-22,Jun 2022,0.66,0.85,0.19,28.79
SP,03-AUG-22,Jun 2022,0.7,0.81,0.11,15.71
HA,26-JUL-22,Jun 2022,-0.86,-0.9,-0.04,-4.65
CMCO,28-JUL-22,Jun 2022,0.6,0.69,0.09,15.0
RGP,28-JUL-22,May 2022,0.41,0.67,0.26,63.41
TITN,25-AUG-22,Jul 2022,0.71,1.1,0.39,54.93
TGI,03-AUG-22,Jun 2022,0.09,0.12,0.03,33.33
CIR,30-SEP-22,Jun 2022,0.36,0.32,-0.04,-11.11
KELYA,11-AUG-22,Jun 2022,0.48,0.45,-0.03,-6.25
HTLD,25-JUL-22,Jun 2022,0.26,0.97,0.71,273.08
CMRE,28-JUL-22,Jun 2022,0.87,0.95,0.08,9.2
BBSI,03-AUG-22,Jun 2022,1.87,2.48,0.61,32.62
THR,04-AUG-22,Jun 2022,0.09,0.25,0.16,177.78
EGLE,04-AUG-22,Jun 2022,4.17,4.98,0.81,19.42
TWI,01-AUG-22,Jun 2022,0.66,0.79,0.13,19.7
PRLB,05-AUG-22,Jun 2022,0.38,0.46,0.08,21.05
KAMN,04-AUG-22,Jun 2022,0.38,0.31,-0.07,-18.42
BXC,02-AUG-22,Jun 2022,7.64,7.48,-0.16,-2.09
TILE,05-AUG-22,Jun 2022,0.33,0.36,0.03,9.09
VVI,04-AUG-22,Jun 2022,-0.02,0.74,0.76,3800.0
MTW,04-AUG-22,Jun 2022,0.36,0.21,-0.15,-41.67
ACCO,08-AUG-22,Jun 2022,0.42,0.37,-0.05,-11.9
HCCI,27-JUL-22,Jun 2022,0.5,0.97,0.47,94.0
HSC,02-AUG-22,Jun 2022,0.01,0.01,0.0,0.0
VSEC,27-JUL-22,Jun 2022,0.62,0.75,0.13,20.97
HYLN,09-AUG-22,Jun 2022,-0.19,-0.19,0.0,0.0
SNCY,08-AUG-22,Jun 2022,0.13,-0.03,-0.16,-123.08
NWPX,08-AUG-22,Jun 2022,0.73,1.04,0.31,42.47
DCO,04-AUG-22,Jun 2022,0.83,0.76,-0.07,-8.43
GNK,03-AUG-22,Jun 2022,1.08,1.1,0.02,1.85
BLNK,08-AUG-22,Jun 2022,-0.36,-0.41,-0.05,-13.89
ASLE,08-AUG-22,Jun 2022,0.18,0.56,0.38,211.11
ULCC,27-JUL-22,Jun 2022,0.09,0.09,0.0,0.0
REVG,07-SEP-22,Jul 2022,0.21,0.24,0.03,14.29
FORR,28-JUL-22,Jun 2022,0.74,1.0,0.26,35.14
HSII,25-JUL-22,Jun 2022,0.98,1.19,0.21,21.43
ULH,28-JUL-22,Jun 2022,1.16,1.69,0.53,45.69
BV,04-AUG-22,Jun 2022,0.49,0.43,-0.06,-12.24
TPIC,03-AUG-22,Jun 2022,-0.3,-0.48,-0.18,-60.0
HDSN,03-AUG-22,Jun 2022,0.4,0.59,0.19,47.5
CMPR,27-JUL-22,Jun 2022,-1.24,-1.17,0.07,5.65
AMOT,03-AUG-22,Jun 2022,0.25,0.36,0.11,44.0
UHAL,03-AUG-22,Jun 2022,17.8,17.03,-0.77,-4.33
DM,08-AUG-22,Jun 2022,-0.08,-0.1,-0.02,-25.0
ALTG,09-AUG-22,Jun 2022,0.05,0.21,0.16,320.0
TRNS,01-AUG-22,Jun 2022,0.26,0.4,0.14,53.85
LXFR,26-JUL-22,Jun 2022,0.34,0.36,0.02,5.88
BLDE,09-AUG-22,Jun 2022,-0.13,-0.09,0.04,30.77
CTOS,09-AUG-22,Jun 2022,-0.01,0.03,0.04,400.0
GLDD,02-AUG-22,Jun 2022,0.23,-0.06,-0.29,-126.09
TSP,02-AUG-22,Jun 2022,-0.6,-0.49,0.11,18.33
STRC,09-AUG-22,Jun 2022,-0.11,-0.12,-0.01,-9.09
BW,08-AUG-22,Jun 2022,0.03,0.02,-0.01,-33.33
AAPL,28-JUL-22,Jun 2022,1.14,1.2,0.06,5.26
MSFT,26-JUL-22,Jun 2022,2.28,2.23,-0.05,-2.19
NVDA,24-AUG-22,Jul 2022,0.56,0.51,-0.05,-8.93
V,26-JUL-22,Jun 2022,1.74,1.98,0.24,13.79
MA,28-JUL-22,Jun 2022,2.36,2.56,0.2,8.47
AVGO,01-SEP-22,Jul 2022,9.62,9.73,0.11,1.14
CSCO,17-AUG-22,Jul 2022,0.82,0.83,0.01,1.22
ACN,23-JUN-22,May 2022,2.84,2.79,-0.05,-1.76
TXN,26-JUL-22,Jun 2022,2.07,2.45,0.38,18.36
ADBE,16-JUN-22,May 2022,3.3,3.35,0.05,1.52
CRM,24-AUG-22,Jul 2022,1.02,1.19,0.17,16.67
QCOM,27-JUL-22,Jun 2022,2.86,2.96,0.1,3.5
IBM,18-JUL-22,Jun 2022,2.29,2.31,0.02,0.87
INTC,28-JUL-22,Jun 2022,0.69,0.29,-0.4,-57.97
ORCL,13-JUN-22,May 2022,1.38,1.54,0.16,11.59
INTU,23-AUG-22,Jul 2022,0.98,1.1,0.12,12.24
AMD,02-AUG-22,Jun 2022,1.03,1.05,0.02,1.94
ADP,27-JUL-22,Jun 2022,1.48,1.5,0.02,1.35
PYPL,02-AUG-22,Jun 2022,0.85,0.93,0.08,9.41
AMAT,18-AUG-22,Jul 2022,1.78,1.94,0.16,8.99
ADI,17-AUG-22,Jul 2022,2.43,2.52,0.09,3.7
NOW,27-JUL-22,Jun 2022,1.53,1.62,0.09,5.88
LRCX,27-JUL-22,Jun 2022,7.31,8.83,1.52,20.79
MU,30-JUN-22,May 2022,2.44,2.59,0.15,6.15
FISV,26-JUL-22,Jun 2022,1.54,1.56,0.02,1.3
KLAC,28-JUL-22,Jun 2022,5.46,5.81,0.35,6.41
SNPS,17-AUG-22,Jul 2022,2.04,2.1,0.06,2.94
ADSK,24-AUG-22,Jul 2022,1.56,1.65,0.09,5.77
PANW,22-AUG-22,Jul 2022,0.76,0.8,0.04,5.26
ROP,22-JUL-22,Jun 2022,3.82,3.95,0.13,3.4
APH,27-JUL-22,Jun 2022,0.67,0.75,0.08,11.94
SNOW,24-AUG-22,Jul 2022,-0.02,0.01,0.03,150.0
CDNS,25-JUL-22,Jun 2022,0.97,1.08,0.11,11.34
MSI,04-AUG-22,Jun 2022,1.87,2.07,0.2,10.7
ENPH,26-JUL-22,Jun 2022,0.83,1.07,0.24,28.92
MCHP,02-AUG-22,Jun 2022,1.34,1.37,0.03,2.24
FIS,04-AUG-22,Jun 2022,1.7,1.73,0.03,1.76
PAYX,29-JUN-22,May 2022,0.79,0.81,0.02,2.53
MRVL,25-AUG-22,Jul 2022,0.56,0.57,0.01,1.79
SQ,04-AUG-22,Jun 2022,0.18,0.18,0.0,0.0
FTNT,03-AUG-22,Jun 2022,0.22,0.24,0.02,9.09
ON,01-AUG-22,Jun 2022,1.26,1.34,0.08,6.35
ANET,01-AUG-22,Jun 2022,0.92,1.08,0.16,17.39
KEYS,17-AUG-22,Jul 2022,1.79,2.01,0.22,12.29
HPQ,30-AUG-22,Jul 2022,1.04,1.04,0.0,0.0
WDAY,25-AUG-22,Jul 2022,0.79,0.83,0.04,5.06
CTSH,27-JUL-22,Jun 2022,1.09,1.14,0.05,4.59
CRWD,30-AUG-22,Jul 2022,0.28,0.36,0.08,28.57
GPN,01-AUG-22,Jun 2022,2.36,2.36,0.0,0.0
IT,02-AUG-22,Jun 2022,2.14,2.85,0.71,33.18
GLW,26-JUL-22,Jun 2022,0.56,0.57,0.01,1.79
CDW,03-AUG-22,Jun 2022,2.4,2.49,0.09,3.75
VMW,25-AUG-22,Jul 2022,1.61,1.64,0.03,1.86
ANSS,03-AUG-22,Jun 2022,1.61,1.77,0.16,9.94
ZM,22-AUG-22,Jul 2022,0.92,1.05,0.13,14.13
DDOG,04-AUG-22,Jun 2022,0.14,0.24,0.1,71.43
HPE,30-AUG-22,Jul 2022,0.48,0.48,0.0,0.0
TDY,27-JUL-22,Jun 2022,4.38,4.43,0.05,1.14
TEAM,04-AUG-22,Jun 2022,0.26,0.27,0.01,3.85
EPAM,04-AUG-22,Jun 2022,1.71,2.38,0.67,39.18
VRSN,28-JUL-22,Jun 2022,1.52,1.54,0.02,1.32
MPWR,01-AUG-22,Jun 2022,2.94,3.25,0.31,10.54
PAYC,02-AUG-22,Jun 2022,1.12,1.26,0.14,12.5
FSLR,28-JUL-22,Jun 2022,0.3,0.52,0.22,73.33
BR,12-AUG-22,Jun 2022,2.65,2.65,0.0,0.0
NTAP,24-AUG-22,Jul 2022,1.1,1.2,0.1,9.09
SWKS,04-AUG-22,Jun 2022,2.36,2.44,0.08,3.39
TRMB,05-AUG-22,Jun 2022,0.61,0.64,0.03,4.92
TER,26-JUL-22,Jun 2022,1.14,1.21,0.07,6.14
AKAM,09-AUG-22,Jun 2022,1.31,1.35,0.04,3.05
FLT,03-AUG-22,Jun 2022,3.89,4.17,0.28,7.2
FICO,03-AUG-22,Jun 2022,4.06,4.47,0.41,10.1
PLTR,08-AUG-22,Jun 2022,0.03,-0.01,-0.04,-133.33
PTC,27-JUL-22,Jun 2022,1.07,0.97,-0.1,-9.35
HUBS,04-AUG-22,Jun 2022,0.43,0.44,0.01,2.33
ZBRA,02-AUG-22,Jun 2022,4.19,4.61,0.42,10.02
SPLK,24-AUG-22,Jul 2022,-0.37,0.09,0.46,124.32
TYL,27-JUL-22,Jun 2022,1.83,1.88,0.05,2.73
JKHY,16-AUG-22,Jun 2022,1.0,1.1,0.1,10.0
WDC,05-AUG-22,Jun 2022,1.77,1.78,0.01,0.56
BILL,18-AUG-22,Jun 2022,-0.13,-0.03,0.1,76.92
SSNC,27-JUL-22,Jun 2022,1.17,1.1,-0.07,-5.98
GDDY,03-AUG-22,Jun 2022,0.47,0.56,0.09,19.15
ZS,08-SEP-22,Jul 2022,0.2,0.25,0.05,25.0
DELL,25-AUG-22,Jul 2022,1.63,1.68,0.05,3.07
ENTG,02-AUG-22,Jun 2022,1.05,1.0,-0.05,-4.76
MDB,31-AUG-22,Jul 2022,-0.29,-0.23,0.06,20.69
WOLF,17-AUG-22,Jun 2022,-0.1,-0.02,0.08,80.0
QRVO,03-AUG-22,Jun 2022,2.12,2.25,0.13,6.13
DOX,03-AUG-22,Jun 2022,1.26,1.27,0.01,0.79
JNPR,26-JUL-22,Jun 2022,0.45,0.42,-0.03,-6.67
ZEN,28-JUL-22,Jun 2022,0.11,0.14,0.03,27.27
BKI,04-AUG-22,Jun 2022,0.64,0.65,0.01,1.56
DOCU,08-SEP-22,Jul 2022,0.42,0.44,0.02,4.76
CDAY,03-AUG-22,Jun 2022,0.11,0.21,0.1,90.91
TWLO,04-AUG-22,Jun 2022,-0.2,-0.11,0.09,45.0
PSTG,31-AUG-22,Jul 2022,0.22,0.32,0.1,45.45
JBL,16-JUN-22,May 2022,1.62,1.72,0.1,6.17
FFIV,25-JUL-22,Jun 2022,2.23,2.57,0.34,15.25
CGNX,02-AUG-22,Jun 2022,0.42,0.41,-0.01,-2.38
PCTY,04-AUG-22,Jun 2022,0.52,0.8,0.28,53.85
LSCC,01-AUG-22,Jun 2022,0.4,0.42,0.02,5.0
G,04-AUG-22,Jun 2022,0.64,0.7,0.06,9.38
MANH,26-JUL-22,Jun 2022,0.53,0.69,0.16,30.19
GLOB,18-AUG-22,Jun 2022,1.21,1.22,0.01,0.83
OKTA,31-AUG-22,Jul 2022,-0.3,-0.1,0.2,66.67
WEX,28-JUL-22,Jun 2022,3.42,3.71,0.29,8.48
DT,03-AUG-22,Jun 2022,0.18,0.18,0.0,0.0
U,09-AUG-22,Jun 2022,-0.2,-0.18,0.02,10.0
ARW,04-AUG-22,Jun 2022,5.57,5.78,0.21,3.77
DXC,03-AUG-22,Jun 2022,0.82,0.75,-0.07,-8.54
CIEN,01-SEP-22,Jul 2022,0.35,0.33,-0.02,-5.71
BSY,09-AUG-22,Jun 2022,0.17,0.22,0.05,29.41
DBX,04-AUG-22,Jun 2022,0.37,0.38,0.01,2.7
EXLS,28-JUL-22,Jun 2022,1.33,1.5,0.17,12.78
AZPN,08-AUG-22,Jun 2022,2.15,2.43,0.28,13.02
NTNX,31-AUG-22,Jul 2022,-0.39,-0.17,0.22,56.41
LFUS,02-AUG-22,Jun 2022,4.03,4.26,0.23,5.71
NATI,28-JUL-22,Jun 2022,0.34,0.36,0.02,5.88
CNXC,27-JUN-22,May 2022,2.84,2.93,0.09,3.17
NOVT,09-AUG-22,Jun 2022,0.72,0.78,0.06,8.33
ESTC,25-AUG-22,Jul 2022,-0.17,-0.15,0.02,11.76
WU,03-AUG-22,Jun 2022,0.41,0.51,0.1,24.39
SWCH,08-AUG-22,Jun 2022,0.06,0.02,-0.04,-66.67
GWRE,06-SEP-22,Jul 2022,-0.04,0.03,0.07,175.0
OLED,04-AUG-22,Jun 2022,0.97,0.87,-0.1,-10.31
SLAB,27-JUL-22,Jun 2022,0.91,1.17,0.26,28.57
QLYS,08-AUG-22,Jun 2022,0.8,0.89,0.09,11.25
POWI,04-AUG-22,Jun 2022,0.98,1.03,0.05,5.1
SPSC,27-JUL-22,Jun 2022,0.49,0.53,0.04,8.16
PATH,06-SEP-22,Jul 2022,-0.11,-0.02,0.09,81.82
COHR,24-AUG-22,Jun 2022,0.95,0.98,0.03,3.16
FN,15-AUG-22,Jun 2022,1.55,1.68,0.13,8.39
WIX,10-AUG-22,Jun 2022,-0.39,-0.14,0.25,64.1
AVT,10-AUG-22,Jun 2022,1.96,2.07,0.11,5.61
CRUS,02-AUG-22,Jun 2022,0.85,1.12,0.27,31.76
MKSI,27-JUL-22,Jun 2022,2.31,2.59,0.28,12.12
EEFT,27-JUL-22,Jun 2022,1.64,1.73,0.09,5.49
TENB,26-JUL-22,Jun 2022,0.01,0.05,0.04,400.0
FIVN,28-JUL-22,Jun 2022,0.18,0.34,0.16,88.89
LITE,16-AUG-22,Jun 2022,1.35,1.47,0.12,8.89
SNX,28-JUN-22,May 2022,2.61,2.72,0.11,4.21
DLB,09-AUG-22,Jun 2022,0.6,0.68,0.08,13.33
SYNA,04-AUG-22,Jun 2022,3.69,3.87,0.18,4.88
COUP,06-SEP-22,Jul 2022,0.09,0.2,0.11,122.22
MMS,03-AUG-22,Jun 2022,0.98,0.78,-0.2,-20.41
RMBS,01-AUG-22,Jun 2022,0.4,0.43,0.03,7.5
ONTO,09-AUG-22,Jun 2022,1.26,1.28,0.02,1.59
SMCI,09-AUG-22,Jun 2022,2.35,2.62,0.27,11.49
CALX,25-JUL-22,Jun 2022,0.19,0.22,0.03,15.79
WK,09-AUG-22,Jun 2022,-0.26,-0.17,0.09,34.62
BOX,24-AUG-22,Jul 2022,0.28,0.28,0.0,0.0
APP,10-AUG-22,Jun 2022,0.15,-0.06,-0.21,-140.0
SANM,01-AUG-22,Jun 2022,1.15,1.3,0.15,13.04
SMAR,01-SEP-22,Jul 2022,-0.2,-0.1,0.1,50.0
AEIS,03-AUG-22,Jun 2022,1.14,1.44,0.3,26.32
BL,04-AUG-22,Jun 2022,0.01,0.07,0.06,600.0
MTSI,28-JUL-22,Jun 2022,0.7,0.73,0.03,4.29
S,31-AUG-22,Jul 2022,-0.26,-0.2,0.06,23.08
RNG,02-AUG-22,Jun 2022,0.4,0.45,0.05,12.5
DIOD,04-AUG-22,Jun 2022,1.75,1.9,0.15,8.57
NSIT,04-AUG-22,Jun 2022,2.02,2.78,0.76,37.62
BDC,03-AUG-22,Jun 2022,1.43,1.6,0.17,11.89
VNT,04-AUG-22,Jun 2022,0.69,0.72,0.03,4.35
IPGP,02-AUG-22,Jun 2022,1.12,1.38,0.26,23.21
BMI,20-JUL-22,Jun 2022,0.53,0.57,0.04,7.55
TDC,04-AUG-22,Jun 2022,0.33,0.33,0.0,0.0
NEWR,04-AUG-22,Jun 2022,-0.36,-0.26,0.1,27.78
PLXS,27-JUL-22,Jun 2022,1.1,1.33,0.23,20.91
STNE,18-AUG-22,Jun 2022,0.11,0.05,-0.06,-54.55
BLKB,02-AUG-22,Jun 2022,0.69,0.75,0.06,8.7
ENV,04-AUG-22,Jun 2022,0.46,0.49,0.03,6.52
SPT,02-AUG-22,Jun 2022,-0.06,-0.04,0.02,33.33
NCR,27-JUL-22,Jun 2022,0.61,0.71,0.1,16.39
CVLT,26-JUL-22,Jun 2022,0.63,0.64,0.01,1.59
AYX,02-AUG-22,Jun 2022,-0.6,-0.46,0.14,23.33
AFRM,25-AUG-22,Jun 2022,-0.45,-0.65,-0.2,-44.44
VSH,02-AUG-22,Jun 2022,0.65,0.82,0.17,26.15
VIAV,11-AUG-22,Jun 2022,0.23,0.24,0.01,4.35
AMKR,01-AUG-22,Jun 2022,0.47,0.51,0.04,8.51
KLIC,03-AUG-22,Jun 2022,1.55,2.09,0.54,34.84
ALTR,04-AUG-22,Jun 2022,0.09,0.13,0.04,44.44
ALRM,09-AUG-22,Jun 2022,0.4,0.49,0.09,22.5
FOUR,04-AUG-22,Jun 2022,0.26,0.33,0.07,26.92
MXL,27-JUL-22,Jun 2022,1.02,1.11,0.09,8.82
VRNT,07-SEP-22,Jul 2022,0.53,0.56,0.03,5.66
ITRI,04-AUG-22,Jun 2022,0.21,0.07,-0.14,-66.67
ACLS,03-AUG-22,Jun 2022,1.03,1.32,0.29,28.16
PRGS,28-JUN-22,May 2022,0.95,1.04,0.09,9.47
PRFT,04-AUG-22,Jun 2022,1.05,1.06,0.01,0.95
DOCN,08-AUG-22,Jun 2022,0.1,0.2,0.1,100.0
VSAT,08-AUG-22,Jun 2022,-0.49,-0.29,0.2,40.82
APPF,28-JUL-22,Jun 2022,-0.14,0.03,0.17,121.43
NTCT,04-AUG-22,Jun 2022,0.22,0.24,0.02,9.09
AMBA,30-AUG-22,Jul 2022,0.2,0.2,0.0,0.0
EVTC,04-AUG-22,Jun 2022,0.66,0.65,-0.01,-1.52
NCNO,01-SEP-22,Jul 2022,-0.08,-0.04,0.04,50.0
ROG,03-AUG-22,Jun 2022,1.43,1.22,-0.21,-14.69
ALGM,28-JUL-22,Jun 2022,0.22,0.24,0.02,9.09
PI,27-JUL-22,Jun 2022,-0.02,0.11,0.13,650.0
EXTR,27-JUL-22,Jun 2022,0.15,0.15,0.0,0.0
VRRM,03-AUG-22,Jun 2022,0.25,0.29,0.04,16.0
DV,03-AUG-22,Jun 2022,0.04,0.06,0.02,50.0
XRX,26-JUL-22,Jun 2022,0.12,0.13,0.01,8.33
CSGS,03-AUG-22,Jun 2022,0.84,0.84,0.0,0.0
SMTC,31-AUG-22,Jul 2022,0.85,0.87,0.02,2.35
KNBE,04-AUG-22,Jun 2022,0.03,0.07,0.04,133.33
PD,01-SEP-22,Jul 2022,-0.09,-0.04,0.05,55.56
EVOP,01-AUG-22,Jun 2022,0.27,0.3,0.03,11.11
COMM,04-AUG-22,Jun 2022,0.33,0.41,0.08,24.24
SITM,03-AUG-22,Jun 2022,1.01,1.11,0.1,9.9
IDCC,04-AUG-22,Jun 2022,0.58,0.69,0.11,18.97
RPD,03-AUG-22,Jun 2022,-0.04,-0.01,0.03,75.0
MSTR,02-AUG-22,Jun 2022,-2.2,-92.81,-90.61,-4118.64
SABR,02-AUG-22,Jun 2022,-0.35,-0.25,0.1,28.57
DGII,04-AUG-22,Jun 2022,0.38,0.45,0.07,18.42
AGYS,26-JUL-22,Jun 2022,0.18,0.21,0.03,16.67
FORM,27-JUL-22,Jun 2022,0.44,0.46,0.02,4.55
UI,26-AUG-22,Jun 2022,1.24,1.53,0.29,23.39
OSIS,18-AUG-22,Jun 2022,1.95,1.96,0.01,0.51
MEI,01-SEP-22,Jul 2022,0.48,0.58,0.1,20.83
APPN,04-AUG-22,Jun 2022,-0.35,-0.46,-0.11,-31.43
QTWO,03-AUG-22,Jun 2022,0.05,0.07,0.02,40.0
COHU,28-JUL-22,Jun 2022,0.71,0.81,0.1,14.08
PEGA,27-JUL-22,Jun 2022,-0.03,-0.38,-0.35,-1166.67
UCTT,28-JUL-22,Jun 2022,1.03,1.04,0.01,0.97
APPS,08-AUG-22,Jun 2022,0.35,0.38,0.03,8.57
KN,02-AUG-22,Jun 2022,0.31,0.33,0.02,6.45
JAMF,04-AUG-22,Jun 2022,0.01,0.03,0.02,200.0
PLUS,03-AUG-22,Jun 2022,0.99,0.99,0.0,0.0
MODN,09-AUG-22,Jun 2022,0.15,0.23,0.08,53.33
ASAN,07-SEP-22,Jul 2022,-0.39,-0.34,0.05,12.82
ADTN,03-AUG-22,Jun 2022,0.12,0.19,0.07,58.33
TTMI,03-AUG-22,Jun 2022,0.33,0.54,0.21,63.64
INFN,28-JUL-22,Jun 2022,-0.07,-0.05,0.02,28.57
RAMP,04-AUG-22,Jun 2022,-0.02,0.05,0.07,350.0
HLIT,01-AUG-22,Jun 2022,0.09,0.16,0.07,77.78
AVDX,03-AUG-22,Jun 2022,-0.13,-0.07,0.06,46.15
PRO,28-JUL-22,Jun 2022,-0.17,-0.14,0.03,17.65
EVBG,09-AUG-22,Jun 2022,-0.12,0.03,0.15,125.0
CLFD,28-JUL-22,Jun 2022,0.67,0.92,0.25,37.31
PLAB,30-AUG-22,Jul 2022,0.5,0.51,0.01,2.0
AVID,02-AUG-22,Jun 2022,0.25,0.26,0.01,4.0
ATEN,02-AUG-22,Jun 2022,0.15,0.17,0.02,13.33
RELY,03-AUG-22,Jun 2022,-0.2,-0.23,-0.03,-15.0
MARA,08-AUG-22,Jun 2022,-0.18,-0.61,-0.43,-238.89
FSLY,03-AUG-22,Jun 2022,-0.16,-0.23,-0.07,-43.75
AMPL,03-AUG-22,Jun 2022,-0.12,-0.08,0.04,33.33
PDFS,11-AUG-22,Jun 2022,0.07,0.11,0.04,57.14
MGI,05-AUG-22,Jun 2022,0.15,0.09,-0.06,-40.0
BTRS,09-AUG-22,Jun 2022,-0.08,-0.03,0.05,62.5
ZUO,24-AUG-22,Jul 2022,-0.05,-0.03,0.02,40.0
AOSL,10-AUG-22,Jun 2022,0.86,0.95,0.09,10.47
SGH,29-JUN-22,May 2022,0.75,0.87,0.12,16.0
RIOT,15-AUG-22,Jun 2022,0.08,-0.5,-0.58,-725.0
VECO,08-AUG-22,Jun 2022,0.28,0.35,0.07,25.0
LPSN,08-AUG-22,Jun 2022,-0.17,-0.35,-0.18,-105.88
AI,31-AUG-22,Jul 2022,-0.26,-0.12,0.14,53.85
NSSC,29-AUG-22,Jun 2022,0.09,0.2,0.11,122.22
TTEC,09-AUG-22,Jun 2022,0.86,0.98,0.12,13.95
SCSC,23-AUG-22,Jun 2022,0.94,0.91,-0.03,-3.19
ICHR,09-AUG-22,Jun 2022,0.81,0.98,0.17,20.99
PAYA,05-AUG-22,Jun 2022,0.1,0.1,0.0,0.0
IMXI,03-AUG-22,Jun 2022,0.39,0.47,0.08,20.51
PAR,09-AUG-22,Jun 2022,-0.35,-0.36,-0.01,-2.86
BIGC,04-AUG-22,Jun 2022,-0.24,-0.19,0.05,20.83
CRSR,04-AUG-22,Jun 2022,0.04,-0.2,-0.24,-600.0
HCKT,09-AUG-22,Jun 2022,0.34,0.38,0.04,11.76
CRNC,09-AUG-22,Jun 2022,0.42,0.43,0.01,2.38
SUMO,25-AUG-22,Jul 2022,-0.14,-0.1,0.04,28.57
NTGR,27-JUL-22,Jun 2022,-0.24,-0.19,0.05,20.83
INFA,27-JUL-22,Jun 2022,0.08,0.16,0.08,100.0
CEVA,09-AUG-22,Jun 2022,0.16,0.18,0.02,12.5
ECOM,09-AUG-22,Jun 2022,0.15,0.17,0.02,13.33
CNDT,02-AUG-22,Jun 2022,0.06,0.03,-0.03,-50.0
OSPN,02-AUG-22,Jun 2022,-0.14,-0.1,0.04,28.57
CNXN,04-AUG-22,Jun 2022,0.76,0.96,0.2,26.32
AMSWA,24-AUG-22,Jul 2022,0.07,0.09,0.02,28.57
CVT,04-AUG-22,Jun 2022,0.01,-0.06,-0.07,-700.0
ACMR,05-AUG-22,Jun 2022,0.03,0.22,0.19,633.33
MVIS,28-JUL-22,Jun 2022,-0.07,-0.08,-0.01,-14.29
GDYN,04-AUG-22,Jun 2022,0.09,0.12,0.03,33.33
RPAY,09-AUG-22,Jun 2022,0.22,0.17,-0.05,-22.73
YEXT,07-SEP-22,Jul 2022,-0.05,-0.03,0.02,40.0
SPNS,03-AUG-22,Jun 2022,0.3,0.27,-0.03,-10.0
MITK,28-JUL-22,Jun 2022,0.21,0.23,0.02,9.52
IIIV,08-AUG-22,Jun 2022,0.36,0.37,0.01,2.78
MASS,09-AUG-22,Jun 2022,-0.26,-0.26,0.0,0.0
INST,01-AUG-22,Jun 2022,0.22,0.25,0.03,13.64
AXTI,28-JUL-22,Jun 2022,0.08,0.16,0.08,100.0
SWI,02-AUG-22,Jun 2022,0.2,0.21,0.01,5.0
AKTS,12-SEP-22,Jun 2022,-0.19,-0.26,-0.07,-36.84
ONTF,09-AUG-22,Jun 2022,-0.16,-0.14,0.02,12.5
LASR,04-AUG-22,Jun 2022,-0.07,-0.07,0.0,0.0
EGHT,27-JUL-22,Jun 2022,0.03,0.09,0.06,200.0
ALKT,03-AUG-22,Jun 2022,-0.09,-0.08,0.01,11.11
SMRT,11-AUG-22,Jun 2022,-0.1,-0.12,-0.02,-20.0
DOMO,25-AUG-22,Jul 2022,-0.33,-0.26,0.07,21.21
MLNK,09-AUG-22,Jun 2022,0.09,0.09,0.0,0.0
ARLO,09-AUG-22,Jun 2022,-0.06,0.01,0.07,116.67
INSG,08-AUG-22,Jun 2022,-0.11,-0.09,0.02,18.18
TLS,09-AUG-22,Jun 2022,-0.03,0.04,0.07,233.33
LIN,28-JUL-22,Jun 2022,2.98,3.1,0.12,4.03
APD,04-AUG-22,Jun 2022,2.61,2.62,0.01,0.38
SHW,27-JUL-22,Jun 2022,2.81,2.41,-0.4,-14.23
FCX,21-JUL-22,Jun 2022,0.76,0.58,-0.18,-23.68
CTVA,04-AUG-22,Jun 2022,1.47,1.64,0.17,11.56
ECL,26-JUL-22,Jun 2022,1.08,1.1,0.02,1.85
ALB,03-AUG-22,Jun 2022,3.03,3.45,0.42,13.86
NEM,25-JUL-22,Jun 2022,0.6,0.46,-0.14,-23.33
NUE,21-JUL-22,Jun 2022,8.91,9.67,0.76,8.53
DOW,21-JUL-22,Jun 2022,2.14,2.31,0.17,7.94
DD,02-AUG-22,Jun 2022,0.74,0.88,0.14,18.92
PPG,21-JUL-22,Jun 2022,1.75,1.81,0.06,3.43
IFF,08-AUG-22,Jun 2022,1.42,1.54,0.12,8.45
VMC,04-AUG-22,Jun 2022,1.66,1.53,-0.13,-7.83
MLM,28-JUL-22,Jun 2022,3.72,3.96,0.24,6.45
LYB,29-JUL-22,Jun 2022,4.97,5.19,0.22,4.43
CF,01-AUG-22,Jun 2022,6.06,6.19,0.13,2.15
MOS,01-AUG-22,Jun 2022,3.93,3.64,-0.29,-7.38
AMCR,17-AUG-22,Jun 2022,0.24,0.24,0.0,0.0
STLD,20-JUL-22,Jun 2022,6.34,6.73,0.39,6.15
FMC,02-AUG-22,Jun 2022,1.9,1.93,0.03,1.58
AVY,27-JUL-22,Jun 2022,2.39,2.64,0.25,10.46
IP,28-JUL-22,Jun 2022,1.1,1.24,0.14,12.73
RPM,25-JUL-22,May 2022,1.44,1.42,-0.02,-1.39
RS,28-JUL-22,Jun 2022,9.06,9.15,0.09,0.99
PKG,25-JUL-22,Jun 2022,2.87,3.23,0.36,12.54
CE,28-JUL-22,Jun 2022,4.57,4.99,0.42,9.19
EMN,28-JUL-22,Jun 2022,2.69,2.83,0.14,5.2
WRK,04-AUG-22,Jun 2022,1.5,1.54,0.04,2.67
CCK,20-JUL-22,Jun 2022,2.03,2.1,0.07,3.45
OLN,28-JUL-22,Jun 2022,2.57,2.76,0.19,7.39
AA,20-JUL-22,Jun 2022,2.6,2.67,0.07,2.69
CLF,22-JUL-22,Jun 2022,1.34,1.31,-0.03,-2.24
SEE,02-AUG-22,Jun 2022,0.98,1.01,0.03,3.06
RGLD,03-AUG-22,Jun 2022,0.91,0.81,-0.1,-10.99
ATR,28-JUL-22,Jun 2022,0.96,0.96,0.0,0.0
GPK,26-JUL-22,Jun 2022,0.52,0.6,0.08,15.38
BERY,03-AUG-22,Jun 2022,1.96,2.03,0.07,3.57
SON,21-JUL-22,Jun 2022,1.67,1.76,0.09,5.39
CMC,16-JUN-22,May 2022,2.09,2.61,0.52,24.88
ASH,26-JUL-22,Jun 2022,1.88,1.89,0.01,0.53
VVV,03-AUG-22,Jun 2022,0.58,0.58,0.0,0.0
AXTA,26-JUL-22,Jun 2022,0.4,0.41,0.01,2.5
LTHM,02-AUG-22,Jun 2022,0.3,0.37,0.07,23.33
HUN,02-AUG-22,Jun 2022,1.14,1.28,0.14,12.28
X,28-JUL-22,Jun 2022,3.87,3.86,-0.01,-0.26
EXP,28-JUL-22,Jun 2022,2.73,2.82,0.09,3.3
CC,28-JUL-22,Jun 2022,1.42,1.89,0.47,33.1
SCCO,26-JUL-22,Jun 2022,0.95,0.56,-0.39,-41.05
BCPC,29-JUL-22,Jun 2022,0.84,0.92,0.08,9.52
SLGN,27-JUL-22,Jun 2022,0.96,1.08,0.12,12.5
ESI,27-JUL-22,Jun 2022,0.37,0.38,0.01,2.7
LPX,09-AUG-22,Jun 2022,4.38,4.19,-0.19,-4.34
CBT,08-AUG-22,Jun 2022,1.53,1.73,0.2,13.07
FUL,22-JUN-22,May 2022,1.07,1.11,0.04,3.74
ATI,04-AUG-22,Jun 2022,0.37,0.54,0.17,45.95
WLK,02-AUG-22,Jun 2022,6.33,6.6,0.27,4.27
SUM,03-AUG-22,Jun 2022,0.53,0.6,0.07,13.21
NGVT,02-AUG-22,Jun 2022,1.68,1.73,0.05,2.98
SSRM,02-AUG-22,Jun 2022,0.22,0.3,0.08,36.36
MP,04-AUG-22,Jun 2022,0.36,0.43,0.07,19.44
OI,02-AUG-22,Jun 2022,0.67,0.73,0.06,8.96
HL,04-AUG-22,Jun 2022,0.02,0.04,0.02,100.0
IOSP,02-AUG-22,Jun 2022,1.32,1.58,0.26,19.7
AMR,08-AUG-22,Jun 2022,30.89,30.03,-0.86,-2.78
KWR,04-AUG-22,Jun 2022,1.08,1.32,0.24,22.22
SCL,27-JUL-22,Jun 2022,1.9,2.3,0.4,21.05
SMG,03-AUG-22,Jun 2022,1.7,1.98,0.28,16.47
MTX,28-JUL-22,Jun 2022,1.46,1.5,0.04,2.74
ARNC,02-AUG-22,Jun 2022,0.72,0.62,-0.1,-13.89
WOR,22-JUN-22,May 2022,0.83,1.58,0.75,90.36
HCC,03-AUG-22,Jun 2022,5.59,5.87,0.28,5.01
GEF,31-AUG-22,Jul 2022,1.98,2.35,0.37,18.69
MTRN,03-AUG-22,Jun 2022,1.2,1.28,0.08,6.67
CMP,04-AUG-22,Jun 2022,-0.31,-0.16,0.15,48.39
KALU,25-JUL-22,Jun 2022,0.7,-0.87,-1.57,-224.29
NG,29-JUN-22,May 2022,-0.02,-0.04,-0.02,-100.0
PRM,05-AUG-22,Jun 2022,-0.07,0.04,0.11,157.14
TROX,27-JUL-22,Jun 2022,0.84,0.84,0.0,0.0
CSTM,27-JUL-22,Jun 2022,0.44,0.56,0.12,27.27
ASIX,05-AUG-22,Jun 2022,2.39,2.3,-0.09,-3.77
PLL,05-AUG-22,Jun 2022,-0.29,-0.53,-0.24,-82.76
OEC,04-AUG-22,Jun 2022,0.65,0.58,-0.07,-10.77
TRS,28-JUL-22,Jun 2022,0.6,0.6,0.0,0.0
TSE,08-AUG-22,Jun 2022,2.02,1.79,-0.23,-11.39
SXC,02-AUG-22,Jun 2022,0.26,0.21,-0.05,-19.23
HAYN,28-JUL-22,Jun 2022,0.75,1.24,0.49,65.33
MYE,02-AUG-22,Jun 2022,0.4,0.45,0.05,12.5
AVD,09-AUG-22,Jun 2022,0.23,0.23,0.0,0.0
HWKN,04-AUG-22,Jun 2022,0.56,0.94,0.38,67.86
TMST,04-AUG-22,Jun 2022,1.33,1.29,-0.04,-3.01
ORGN,03-AUG-22,Jun 2022,-0.07,-0.05,0.02,28.57
SCHN,29-JUN-22,May 2022,2.28,2.59,0.31,13.6
CLW,02-AUG-22,Jun 2022,1.18,1.11,-0.07,-5.93
KOP,04-AUG-22,Jun 2022,1.15,0.97,-0.18,-15.65
ASPN,27-JUL-22,Jun 2022,-0.57,-0.68,-0.11,-19.3
RYI,03-AUG-22,Jun 2022,4.58,5.31,0.73,15.94
PTVE,03-AUG-22,Jun 2022,0.2,0.4,0.2,100.0
CENX,09-AUG-22,Jun 2022,0.71,0.3,-0.41,-57.75
DSEY,04-AUG-22,Jun 2022,0.1,0.09,-0.01,-10.0
RYAM,03-AUG-22,Jun 2022,-0.17,-0.31,-0.14,-82.35
IPI,04-AUG-22,Jun 2022,1.92,1.82,-0.1,-5.21
AMRS,09-AUG-22,Jun 2022,-0.28,-0.42,-0.14,-50.0
PLD,18-JUL-22,Jun 2022,1.12,0.82,-0.3,-26.79
AMT,28-JUL-22,Jun 2022,2.44,1.95,-0.49,-20.08
CCI,20-JUL-22,Jun 2022,1.79,0.97,-0.82,-45.81
EQIX,27-JUL-22,Jun 2022,7.3,2.37,-4.93,-67.53
PSA,04-AUG-22,Jun 2022,3.92,3.42,-0.5,-12.76
O,03-AUG-22,Jun 2022,0.95,0.33,-0.62,-65.26
SPG,01-AUG-22,Jun 2022,2.91,1.51,-1.4,-48.11
WELL,09-AUG-22,Jun 2022,0.85,0.2,-0.65,-76.47
SBAC,01-AUG-22,Jun 2022,2.98,0.64,-2.34,-78.52
VICI,27-JUL-22,Jun 2022,0.48,0.48,0.0,0.0
DLR,28-JUL-22,Jun 2022,1.64,0.19,-1.45,-88.41
ARE,25-JUL-22,Jun 2022,2.06,2.1,0.04,1.94
CBRE,04-AUG-22,Jun 2022,1.38,1.83,0.45,32.61
WY,29-JUL-22,Jun 2022,1.02,1.06,0.04,3.92
AVB,27-JUL-22,Jun 2022,2.35,0.99,-1.36,-57.87
EQR,26-JUL-22,Jun 2022,0.85,0.59,-0.26,-30.59
EXR,02-AUG-22,Jun 2022,2.04,1.73,-0.31,-15.2
INVH,27-JUL-22,Jun 2022,0.41,0.18,-0.23,-56.1
MAA,27-JUL-22,Jun 2022,2.0,2.02,0.02,1.0
VTR,04-AUG-22,Jun 2022,0.72,-0.11,-0.83,-115.28
SUI,25-JUL-22,Jun 2022,2.01,0.61,-1.4,-69.65
WPC,29-JUL-22,Jun 2022,1.29,0.66,-0.63,-48.84
IRM,04-AUG-22,Jun 2022,0.92,0.46,-0.46,-50.0
ESS,26-JUL-22,Jun 2022,3.55,0.87,-2.68,-75.49
KIM,28-JUL-22,Jun 2022,0.38,-0.21,-0.59,-155.26
PEAK,02-AUG-22,Jun 2022,0.43,0.44,0.01,2.33
UDR,26-JUL-22,Jun 2022,0.57,0.01,-0.56,-98.25
HST,03-AUG-22,Jun 2022,0.49,0.36,-0.13,-26.53
GLPI,28-JUL-22,Jun 2022,0.9,0.91,0.01,1.11
BXP,26-JUL-22,Jun 2022,1.85,1.42,-0.43,-23.24
CPT,28-JUL-22,Jun 2022,1.62,1.64,0.02,1.23
ELS,18-JUL-22,Jun 2022,0.64,0.33,-0.31,-48.44
REG,04-AUG-22,Jun 2022,0.95,0.61,-0.34,-35.79
AMH,04-AUG-22,Jun 2022,0.38,0.16,-0.22,-57.89
REXR,20-JUL-22,Jun 2022,0.48,0.49,0.01,2.08
CUBE,04-AUG-22,Jun 2022,0.59,0.26,-0.33,-55.93
LSI,03-AUG-22,Jun 2022,1.53,1.65,0.12,7.84
FRT,04-AUG-22,Jun 2022,1.5,0.75,-0.75,-50.0
LAMR,03-AUG-22,Jun 2022,1.79,1.32,-0.47,-26.26
STOR,03-AUG-22,Jun 2022,0.55,0.58,0.03,5.45
NNN,03-AUG-22,Jun 2022,0.79,0.42,-0.37,-46.84
COLD,04-AUG-22,Jun 2022,0.25,0.01,-0.24,-96.0
HR,09-AUG-22,Jun 2022,0.45,0.04,-0.41,-91.11
JLL,03-AUG-22,Jun 2022,4.1,4.48,0.38,9.27
OHI,01-AUG-22,Jun 2022,0.76,0.38,-0.38,-50.0
MPW,03-AUG-22,Jun 2022,0.45,0.32,-0.13,-28.89
BRX,01-AUG-22,Jun 2022,0.48,0.49,0.01,2.08
EGP,26-JUL-22,Jun 2022,1.69,1.09,-0.6,-35.5
FR,20-JUL-22,Jun 2022,0.53,0.56,0.03,5.66
STAG,27-JUL-22,Jun 2022,0.53,0.18,-0.35,-66.04
AIRC,28-JUL-22,Jun 2022,0.65,1.26,0.61,93.85
SRC,03-AUG-22,Jun 2022,0.88,0.6,-0.28,-31.82
ADC,02-AUG-22,Jun 2022,0.96,0.56,-0.4,-41.67
KRC,27-JUL-22,Jun 2022,1.12,0.4,-0.72,-64.29
RYN,03-AUG-22,Jun 2022,0.15,0.16,0.01,6.67
RHP,01-AUG-22,Jun 2022,1.96,0.91,-1.05,-53.57
KRG,02-AUG-22,Jun 2022,0.43,0.06,-0.37,-86.05
VNO,01-AUG-22,Jun 2022,0.79,0.19,-0.6,-75.95
TRNO,03-AUG-22,Jun 2022,0.47,1.28,0.81,172.34
IRT,27-JUL-22,Jun 2022,0.26,0.26,0.0,0.0
CUZ,28-JUL-22,Jun 2022,0.67,0.23,-0.44,-65.67
PCH,25-JUL-22,Jun 2022,1.53,1.61,0.08,5.23
NSA,03-AUG-22,Jun 2022,0.71,0.71,0.0,0.0
IIPR,03-AUG-22,Jun 2022,2.02,1.42,-0.6,-29.7
APLE,04-AUG-22,Jun 2022,0.45,0.48,0.03,6.67
OFC,28-JUL-22,Jun 2022,0.58,0.29,-0.29,-50.0
EPR,01-AUG-22,Jun 2022,1.18,0.46,-0.72,-61.02
SBRA,03-AUG-22,Jun 2022,0.37,0.07,-0.3,-81.08
DOC,04-AUG-22,Jun 2022,0.27,0.27,0.0,0.0
EPRT,28-JUL-22,Jun 2022,0.38,0.27,-0.11,-28.95
HIW,26-JUL-22,Jun 2022,0.98,0.47,-0.51,-52.04
LXP,04-AUG-22,Jun 2022,0.17,0.14,-0.03,-17.65
DEI,01-AUG-22,Jun 2022,0.51,0.14,-0.37,-72.55
MAC,28-JUL-22,Jun 2022,0.45,-0.07,-0.52,-115.56
EQC,01-AUG-22,Jun 2022,0.01,0.04,0.03,300.0
PK,03-AUG-22,Jun 2022,0.49,0.61,0.12,24.49
BNL,03-AUG-22,Jun 2022,0.36,0.2,-0.16,-44.44
OUT,03-AUG-22,Jun 2022,0.5,0.57,0.07,14.0
SLG,20-JUL-22,Jun 2022,1.69,-0.7,-2.39,-141.42
NHI,08-AUG-22,Jun 2022,1.21,0.47,-0.74,-61.16
HHC,03-AUG-22,Jun 2022,-0.39,0.42,0.81,207.69
SITC,28-JUL-22,Jun 2022,0.28,0.27,-0.01,-3.57
SHO,03-AUG-22,Jun 2022,0.24,0.15,-0.09,-37.5
JBGS,02-AUG-22,Jun 2022,0.32,0.31,-0.01,-3.13
ZG,04-AUG-22,Jun 2022,0.41,0.47,0.06,14.63
SKT,08-AUG-22,Jun 2022,0.42,0.19,-0.23,-54.76
RLJ,04-AUG-22,Jun 2022,0.44,0.16,-0.28,-63.64
PEB,26-JUL-22,Jun 2022,0.68,0.12,-0.56,-82.35
KW,03-AUG-22,Jun 2022,0.43,0.3,-0.13,-30.23
CTRE,04-AUG-22,Jun 2022,0.35,0.37,0.02,5.71
FCPT,26-JUL-22,Jun 2022,0.41,0.35,-0.06,-14.63
DRH,03-AUG-22,Jun 2022,0.31,0.23,-0.08,-25.81
XHR,03-AUG-22,Jun 2022,0.41,0.24,-0.17,-41.46
HPP,26-JUL-22,Jun 2022,0.51,-0.05,-0.56,-109.8
UNIT,04-AUG-22,Jun 2022,0.43,0.21,-0.22,-51.16
UE,03-AUG-22,Jun 2022,0.28,0.1,-0.18,-64.29
ROIC,26-JUL-22,Jun 2022,0.26,0.09,-0.17,-65.38
CWK,04-AUG-22,Jun 2022,0.53,0.63,0.1,18.87
DEA,02-AUG-22,Jun 2022,0.34,0.08,-0.26,-76.47
ALEX,28-JUL-22,Jun 2022,-0.86,0.05,0.91,105.81
LTC,28-JUL-22,Jun 2022,0.63,0.64,0.01,1.59
AKR,02-AUG-22,Jun 2022,0.3,0.32,0.02,6.67
PDM,27-JUL-22,Jun 2022,0.5,0.06,-0.44,-88.0
AAT,26-JUL-22,Jun 2022,0.54,0.18,-0.36,-66.67
NMRK,29-JUL-22,Jun 2022,0.4,0.46,0.06,15.0
BDN,25-JUL-22,Jun 2022,0.34,0.03,-0.31,-91.18
SVC,04-AUG-22,Jun 2022,0.36,0.54,0.18,50.0
GNL,04-AUG-22,Jun 2022,0.45,-0.06,-0.51,-113.33
PGRE,26-JUL-22,Jun 2022,0.23,0.24,0.01,4.35
CSR,01-AUG-22,Jun 2022,1.1,-0.3,-1.4,-127.27
NTST,28-JUL-22,Jun 2022,0.28,0.04,-0.24,-85.71
NXRT,26-JUL-22,Jun 2022,0.86,-0.3,-1.16,-134.88
ESRT,27-JUL-22,Jun 2022,0.18,0.29,0.11,61.11
GTY,27-JUL-22,Jun 2022,0.48,0.53,0.05,10.42
INN,02-AUG-22,Jun 2022,0.29,0.07,-0.22,-75.86
OPEN,04-AUG-22,Jun 2022,0.14,0.19,0.05,35.71
EXPI,03-AUG-22,Jun 2022,0.17,0.06,-0.11,-64.71
LAND,09-AUG-22,Jun 2022,0.14,-0.11,-0.25,-178.57
RPT,03-AUG-22,Jun 2022,0.26,0.06,-0.2,-76.92
CHCT,02-AUG-22,Jun 2022,0.59,0.21,-0.38,-64.41
OPI,28-JUL-22,Jun 2022,1.12,-0.33,-1.45,-129.46
GOOD,01-AUG-22,Jun 2022,0.38,-0.04,-0.42,-110.53
STAR,04-AUG-22,Jun 2022,-0.04,-0.42,-0.38,-950.0
COMP,15-AUG-22,Jun 2022,-0.17,-0.21,-0.04,-23.53
AHH,04-AUG-22,Jun 2022,0.29,0.3,0.01,3.45
UMH,03-AUG-22,Jun 2022,0.19,-0.41,-0.6,-315.79
UBA,08-SEP-22,Jul 2022,0.39,0.17,-0.22,-56.41
PSTL,02-AUG-22,Jun 2022,0.24,0.04,-0.2,-83.33
SAFE,03-AUG-22,Jun 2022,0.4,0.37,-0.03,-7.5
CLDT,03-AUG-22,Jun 2022,0.33,0.15,-0.18,-54.55
TRC,03-AUG-22,Jun 2022,-0.02,-0.03,-0.01,-50.0
WSR,02-AUG-22,Jun 2022,0.21,0.09,-0.12,-57.14
FPI,26-JUL-22,Jun 2022,0.02,0.04,0.02,100.0
PLYM,03-AUG-22,Jun 2022,0.45,-0.17,-0.62,-137.78
BFS,04-AUG-22,Jun 2022,0.81,0.43,-0.38,-46.91
ALX,01-AUG-22,Jun 2022,4.14,2.89,-1.25,-30.19
HT,03-AUG-22,Jun 2022,0.5,0.05,-0.45,-90.0
CIO,04-AUG-22,Jun 2022,0.39,0.4,0.01,2.56
RDFN,04-AUG-22,Jun 2022,-0.6,-0.73,-0.13,-21.67
RMR,04-AUG-22,Jun 2022,0.59,0.59,0.0,0.0
GMRE,03-AUG-22,Jun 2022,0.26,0.03,-0.23,-88.46
OLP,03-AUG-22,Jun 2022,0.5,0.49,-0.01,-2.0
RMAX,04-AUG-22,Jun 2022,0.64,0.68,0.04,6.25
ILPT,26-JUL-22,Jun 2022,0.43,-2.2,-2.63,-611.63
BHR,03-AUG-22,Jun 2022,0.25,0.12,-0.13,-52.0
NEE,22-JUL-22,Jun 2022,0.75,0.81,0.06,8.0
DUK,04-AUG-22,Jun 2022,1.1,1.14,0.04,3.64
SO,28-JUL-22,Jun 2022,0.84,1.07,0.23,27.38
D,08-AUG-22,Jun 2022,0.77,0.77,0.0,0.0
SRE,04-AUG-22,Jun 2022,1.82,1.98,0.16,8.79
AEP,27-JUL-22,Jun 2022,1.18,1.2,0.02,1.69
EXC,03-AUG-22,Jun 2022,0.46,0.44,-0.02,-4.35
XEL,28-JUL-22,Jun 2022,0.6,0.6,0.0,0.0
ED,04-AUG-22,Jun 2022,0.58,0.64,0.06,10.34
CEG,04-AUG-22,Jun 2022,0.64,-0.34,-0.98,-153.13
PEG,02-AUG-22,Jun 2022,0.65,0.64,-0.01,-1.54
WEC,02-AUG-22,Jun 2022,0.86,0.91,0.05,5.81
ES,28-JUL-22,Jun 2022,0.84,0.86,0.02,2.38
AWK,27-JUL-22,Jun 2022,1.14,1.2,0.06,5.26
PCG,28-JUL-22,Jun 2022,0.3,0.25,-0.05,-16.67
EIX,28-JUL-22,Jun 2022,0.9,0.94,0.04,4.44
DTE,28-JUL-22,Jun 2022,1.02,0.88,-0.14,-13.73
ETR,03-AUG-22,Jun 2022,1.42,1.78,0.36,25.35
AEE,04-AUG-22,Jun 2022,0.81,0.8,-0.01,-1.23
FE,26-JUL-22,Jun 2022,0.53,0.53,0.0,0.0
PPL,03-AUG-22,Jun 2022,0.29,0.3,0.01,3.45
AES,04-AUG-22,Jun 2022,0.31,0.34,0.03,9.68
CNP,02-AUG-22,Jun 2022,0.28,0.31,0.03,10.71
CMS,28-JUL-22,Jun 2022,0.44,0.53,0.09,20.45
ATO,03-AUG-22,Jun 2022,0.86,0.92,0.06,6.98
LNT,04-AUG-22,Jun 2022,0.58,0.63,0.05,8.62
WTRG,03-AUG-22,Jun 2022,0.31,0.31,0.0,0.0
NRG,04-AUG-22,Jun 2022,0.31,0.33,0.02,6.45
NI,03-AUG-22,Jun 2022,0.11,0.12,0.01,9.09
VST,05-AUG-22,Jun 2022,0.17,1.48,1.31,770.59
PNW,03-AUG-22,Jun 2022,1.3,1.45,0.15,11.54
UGI,03-AUG-22,Jun 2022,0.1,0.06,-0.04,-40.0
OGE,04-AUG-22,Jun 2022,0.31,0.36,0.05,16.13
NFG,04-AUG-22,Jun 2022,1.47,1.54,0.07,4.76
IDA,04-AUG-22,Jun 2022,1.41,1.27,-0.14,-9.93
ORA,03-AUG-22,Jun 2022,0.21,0.22,0.01,4.76
NJR,04-AUG-22,Jun 2022,0.08,-0.04,-0.12,-150.0
PNM,04-AUG-22,Jun 2022,0.55,0.57,0.02,3.64
OGS,01-AUG-22,Jun 2022,0.62,0.59,-0.03,-4.84
HE,08-AUG-22,Jun 2022,0.52,0.48,-0.04,-7.69
ALE,03-AUG-22,Jun 2022,0.63,0.67,0.04,6.35
SWX,09-AUG-22,Jun 2022,0.53,0.23,-0.3,-56.6
POR,28-JUL-22,Jun 2022,0.61,0.72,0.11,18.03
BKH,03-AUG-22,Jun 2022,0.42,0.52,0.1,23.81
AWR,01-AUG-22,Jun 2022,0.77,0.71,-0.06,-7.79
SR,04-AUG-22,Jun 2022,0.01,0.01,0.0,0.0
CWEN,02-AUG-22,Jun 2022,0.38,-3.86,-4.24,-1115.79
CWT,28-JUL-22,Jun 2022,0.6,0.36,-0.24,-40.0
AGR,26-JUL-22,Jun 2022,0.33,0.46,0.13,39.39
NWE,27-JUL-22,Jun 2022,0.53,0.54,0.01,1.89
AVA,03-AUG-22,Jun 2022,0.18,0.16,-0.02,-11.11
MGEE,04-AUG-22,Jun 2022,0.63,0.6,-0.03,-4.76
NOVA,27-JUL-22,Jun 2022,-0.32,-0.32,0.0,0.0
OTTR,01-AUG-22,Jun 2022,1.27,2.05,0.78,61.42
SJW,27-JUL-22,Jun 2022,0.61,0.39,-0.22,-36.07
CPK,03-AUG-22,Jun 2022,0.81,0.88,0.07,8.64
MSEX,29-JUL-22,Jun 2022,0.76,0.5,-0.26,-34.21
NWN,04-AUG-22,Jun 2022,-0.07,0.05,0.12,171.43
UTL,02-AUG-22,Jun 2022,0.24,0.3,0.06,25.0
ARTNA,03-AUG-22,Jun 2022,0.5,0.53,0.03,6.0
YORW,04-AUG-22,Jun 2022,0.34,0.36,0.02,5.88
